locus,population,tested_population,known_relationship,median_log10_ratio,mean_log10_ratio,sd_log10_ratio,ci_lower,ci_upper,n_pairs,locus_rank
D13S317,AfAm,Asian,cousins,0.00695847206815897,0.0255891726459502,0.0883191230573346,0,0.113694699073657,20000,1
CSF1PO,AfAm,Asian,cousins,0,0.0164677924091363,0.122804003149838,-0.0204440208243413,0.220903603472044,20000,2
D10S1248,AfAm,Asian,cousins,0,0.00650995795348408,0.0762399348825699,-0.0281245583827025,0.0431353942124065,20000,2
D12S391,AfAm,Asian,cousins,0,0.0142162713272321,0.0783283158596663,-0.0567598085090724,0.152787783574578,20000,2
D16S539,AfAm,Asian,cousins,0,0.0101203447370048,0.0672103189207363,-0.0359674934011386,0.0492198383812413,20000,2
D18S51,AfAm,Asian,cousins,0,0.02478663539564,0.0720766139357013,-0.11473665833299,0.221357580605991,20000,2
D19S433,AfAm,Asian,cousins,0,0.0225836747504363,0.135090704282727,-0.0407823875580442,0.2115635772179,20000,2
D1S1656,AfAm,Asian,cousins,0,0.0397484522788017,0.120841609258842,-0.0681763073311158,0.389760130399069,20000,2
D21S11,AfAm,Asian,cousins,0,0.046037871235214,0.17035506419345,-0.0675312913000387,0.493526773913585,20000,2
D22S1045,AfAm,Asian,cousins,0,0.0221137925245702,0.13443332941003,-0.0247621776476004,0.485126604742496,20000,2
D2S1338,AfAm,Asian,cousins,0,0.0306152272333937,0.110336829272541,-0.0486624812040824,0.418474680884335,20000,2
D2S441,AfAm,Asian,cousins,0,0.0181333029799792,0.0535720999710879,-0.0900398994028723,0.168158873359326,20000,2
D3S1358,AfAm,Asian,cousins,0,0.00401496074765247,0.0409429689999813,-0.0130221475036743,0.216114209141163,20000,2
D5S818,AfAm,Asian,cousins,0,0.0154800740598077,0.0703435012352989,-0.0760948184974168,0.0522235328099056,20000,2
D6S1043,AfAm,Asian,cousins,0,0.00825653968933017,0.0470185907626959,-0.0366087740762309,0.0952592644883666,20000,2
D7S820,AfAm,Asian,cousins,0,0.00968299877342577,0.038914575550125,-0.0677905212364588,0.130920883038151,20000,2
D8S1179,AfAm,Asian,cousins,0,0.00678961660293219,0.031438754636921,-0.0503599107364801,0.0529679187945884,20000,2
F13A01,AfAm,Asian,cousins,0,0.110116867800502,0.208717035721573,-0.0769049779100425,0.628781778997861,20000,2
F13B,AfAm,Asian,cousins,0,0.2063972030919,0.306422230134934,-0.0857043409461583,0.865953520041727,20000,2
FESFPS,AfAm,Asian,cousins,0,0.0464150904495598,0.201772483057762,-0.0287529822340567,1.06535975900621,20000,2
FGA,AfAm,Asian,cousins,0,0.00685645021477066,0.063424916577724,-0.0234664607149634,0.154730606863812,20000,2
LPL,AfAm,Asian,cousins,0,0.0467235862896762,0.184081758824922,-0.0354304994982534,0.793862487340494,20000,2
Penta_C,AfAm,Asian,cousins,0,0.0167938065386211,0.0861825427735351,-0.04439443097369,0.371427319372839,20000,2
Penta_D,AfAm,Asian,cousins,0,0.082321559139988,0.284783909247218,-0.0648641255746949,1.08033057399136,20000,2
Penta_E,AfAm,Asian,cousins,0,0.107814530772669,0.300088683241423,-0.102448666870991,1.07023701321221,20000,2
SE33,AfAm,Asian,cousins,0,0.0284076853001234,0.133703021604573,-0.130342524520408,0.346962041886935,20000,2
TH01,AfAm,Asian,cousins,0,0.0174393028124168,0.0465160570375514,-0.0541715286354312,0.137216408637515,20000,2
TPOX,AfAm,Asian,cousins,0,0.036590293035888,0.179521710678696,-0.029796411590527,1.01107418350213,20000,2
vWA,AfAm,Asian,cousins,0,0.0378057223374482,0.120033530598895,-0.0715460760565322,0.362243844119257,20000,2
F13B,AfAm,Asian,full_siblings,0.663105940313699,0.712989180480907,0.85059256588682,-0.568761236009752,2.67427791357818,20000,1
F13A01,AfAm,Asian,full_siblings,0.564821344385925,0.464402796503379,0.65960402397696,-0.464360887964641,1.98283895802004,20000,2
D13S317,AfAm,Asian,full_siblings,0.185501619073348,0.156990904684995,0.32518763271217,-0.580828317800477,1.18281812317444,20000,3
TH01,AfAm,Asian,full_siblings,0.109695527874492,0.0994449267317691,0.238567300743489,-0.349187109278328,0.509194393184898,20000,4
D5S818,AfAm,Asian,full_siblings,0.105934507697626,0.0906829193585323,0.264412905507956,-0.433479747547972,0.923504451811921,20000,5
Penta_E,AfAm,Asian,full_siblings,0.102513890526054,0.37785346167875,0.731332586912158,-0.625775628955732,1.72920507654287,20000,6
D18S51,AfAm,Asian,full_siblings,0.0947929982116105,0.141235474857119,0.305924064612671,-0.601278182868582,0.728484914139951,20000,7
D7S820,AfAm,Asian,full_siblings,0.0670233465215905,0.0549980003949365,0.190410045335033,-0.266965755204038,0.443552848176369,20000,8
D16S539,AfAm,Asian,full_siblings,0.0488733760528969,0.0582604185914779,0.228683813705812,-0.229931850851714,0.880340796243782,20000,9
D8S1179,AfAm,Asian,full_siblings,0.0323661465142147,0.0416904285461749,0.155994977138742,-0.430178616728598,0.271113393585998,20000,10
D2S441,AfAm,Asian,full_siblings,0.0108213009435918,0.0999555849237324,0.258729316402303,-0.406960724349325,0.662833404105368,20000,11
D6S1043,AfAm,Asian,full_siblings,0.00885432315661247,0.0503445388724014,0.197605728236491,-0.353320905347453,0.489442491930628,20000,12
CSF1PO,AfAm,Asian,full_siblings,0,0.0729106156834412,0.317414455616826,-0.241265693922377,1.31848072517452,20000,13
D10S1248,AfAm,Asian,full_siblings,0,0.0289377125442325,0.214074445788232,-0.1474767958653,1.10375641690344,20000,13
D12S391,AfAm,Asian,full_siblings,0,0.0664728343219093,0.254613734057175,-0.247929448881393,0.772754197855588,20000,13
D19S433,AfAm,Asian,full_siblings,0,0.107061654832878,0.386963201235989,-0.279387472783067,1.3664884512456,20000,13
D1S1656,AfAm,Asian,full_siblings,0,0.183042515742061,0.417714366679654,-0.406487010198596,1.09140038178422,20000,13
D21S11,AfAm,Asian,full_siblings,0,0.20108405261642,0.492239467267837,-0.462810544248393,1.45967930821955,20000,13
D2S1338,AfAm,Asian,full_siblings,0,0.140986010243101,0.376389933683895,-0.43204414824751,0.895406901194953,20000,13
FESFPS,AfAm,Asian,full_siblings,0,0.206070463825554,0.528721012176904,-0.54287151328404,1.57466555286976,20000,13
FGA,AfAm,Asian,full_siblings,0,0.0427665611892943,0.217067964535579,-0.216813394868253,0.771938061696387,20000,13
LPL,AfAm,Asian,full_siblings,0,0.19137701200488,0.498807263176672,-0.362546587895985,1.45658202950332,20000,13
Penta_C,AfAm,Asian,full_siblings,0,0.0904696707636699,0.295929757292779,-0.279971477517021,0.869494436071748,20000,13
Penta_D,AfAm,Asian,full_siblings,0,0.325218745297957,0.720766234401946,-0.405773515839986,1.62860612354996,20000,13
SE33,AfAm,Asian,full_siblings,0,0.143184967917511,0.396113890302911,-0.415758594125249,1.286207419319,20000,13
TPOX,AfAm,Asian,full_siblings,0,0.159325703199505,0.478529990386519,-0.236785065621139,1.5004129995442,20000,13
vWA,AfAm,Asian,full_siblings,0,0.14830505172047,0.402615422193397,-0.342483954288323,1.10210630610654,20000,13
D3S1358,AfAm,Asian,full_siblings,-0.00908563135363286,0.0202693918415961,0.151509815297592,-0.111106109600972,0.502287083345186,20000,28
D22S1045,AfAm,Asian,full_siblings,-0.0208895816569676,0.103929038730832,0.384717959849344,-0.18615294894188,1.1895013894601,20000,29
F13B,AfAm,Asian,half_siblings,0.0464454274729407,0.440570840842388,0.570060628790073,-0.341210456302502,1.31539985100257,20000,1
D13S317,AfAm,Asian,half_siblings,0.0400090209777958,0.0838926140839782,0.20871644221688,-0.426421358141186,0.332828192864192,20000,2
D8S1179,AfAm,Asian,half_siblings,0.0205296726466225,0.0243109418166258,0.094960844336099,-0.267089638906142,0.128421175675461,20000,3
D2S441,AfAm,Asian,half_siblings,0.0060546705157222,0.0536027493092012,0.15875883892127,-0.310244770655242,0.391250247151967,20000,4
CSF1PO,AfAm,Asian,half_siblings,0,0.0392562839644961,0.225898988516132,-0.20357141873108,1.21967169417583,20000,5
D10S1248,AfAm,Asian,half_siblings,0,0.0172619833482701,0.150906814801384,-0.0875782996668967,0.141368666442382,20000,5
D12S391,AfAm,Asian,half_siblings,0,0.036339040152835,0.171879964045846,-0.175324506413354,0.728559480287725,20000,5
D16S539,AfAm,Asian,half_siblings,0,0.0335315377893919,0.155897637175813,-0.191147870255255,0.190977046436122,20000,5
D18S51,AfAm,Asian,half_siblings,0,0.0812456498472612,0.197160361254367,-0.339552623966002,0.472489627649135,20000,5
D19S433,AfAm,Asian,half_siblings,0,0.0628226720180998,0.27625950394922,-0.225003548181452,1.32258636676165,20000,5
D1S1656,AfAm,Asian,half_siblings,0,0.107000933414593,0.281064736113589,-0.217252997927207,0.753079569261461,20000,5
D21S11,AfAm,Asian,half_siblings,0,0.120514273324539,0.342415640574087,-0.199363876871645,1.38074888617855,20000,5
D2S1338,AfAm,Asian,half_siblings,0,0.083213911116461,0.259105066946676,-0.358483631760763,0.781564996005632,20000,5
D3S1358,AfAm,Asian,half_siblings,0,0.0113105504459676,0.101221704917676,-0.0562229242388389,0.454419546157443,20000,5
D5S818,AfAm,Asian,half_siblings,0,0.0509576003377978,0.174399224907063,-0.322733213096248,0.197280558125619,20000,5
D6S1043,AfAm,Asian,half_siblings,0,0.0274723297000115,0.127802394764538,-0.304474061944141,0.21611863471064,20000,5
D7S820,AfAm,Asian,half_siblings,0,0.0301718358591195,0.117523710565231,-0.20048569800083,0.305112417868708,20000,5
F13A01,AfAm,Asian,half_siblings,0,0.272229341512585,0.429217106349124,-0.29297215756345,1.28837699682384,20000,5
FESFPS,AfAm,Asian,half_siblings,0,0.116560520971956,0.367820772589774,-0.0882762885374509,1.47364269628935,20000,5
FGA,AfAm,Asian,half_siblings,0,0.0235280454918268,0.148313973103688,-0.164069232282258,0.591468634989183,20000,5
LPL,AfAm,Asian,half_siblings,0,0.113195455820265,0.354913937620776,-0.137408075063842,1.22902185760766,20000,5
Penta_C,AfAm,Asian,half_siblings,0,0.0503363986283122,0.195431662809902,-0.209616827072648,0.649225244813028,20000,5
Penta_D,AfAm,Asian,half_siblings,0,0.194487169956609,0.522324091828032,-0.185891107772584,1.515426940126,20000,5
Penta_E,AfAm,Asian,half_siblings,0,0.225506515005084,0.525029665674167,-0.27998034860722,1.4869746672699,20000,5
SE33,AfAm,Asian,half_siblings,0,0.0781251668226029,0.277514249794472,-0.365147495275731,1.1410586349026,20000,5
TH01,AfAm,Asian,half_siblings,0,0.0580799037635532,0.145494114083161,-0.215507700306736,0.348692788752736,20000,5
TPOX,AfAm,Asian,half_siblings,0,0.094027339328942,0.339900639125202,-0.118392532810569,1.44031052418805,20000,5
vWA,AfAm,Asian,half_siblings,0,0.0900937175189187,0.273972179891646,-0.256513238805153,0.844671537372633,20000,5
D22S1045,AfAm,Asian,half_siblings,-0.0136409721212934,0.0567634509903083,0.269577769579522,-0.0861396291324321,0.944743588037802,20000,29
F13A01,AfAm,Asian,parent_child,0.739052367053385,0.419488193060672,0.612234639804424,-0.585458724460122,1.37342825204356,20000,1
F13B,AfAm,Asian,parent_child,0.367734838501761,0.611599094329229,0.753424561463354,-0.755060044022778,1.51344346856372,20000,2
TH01,AfAm,Asian,parent_child,0.182346487848908,0.0950311923316012,0.258599829124686,-0.444326325092834,0.433722390896682,20000,3
D13S317,AfAm,Asian,parent_child,0.177913927707588,0.152457885778557,0.324408252037891,-0.632684567114516,1.21372740917605,20000,4
D5S818,AfAm,Asian,parent_child,0.146075365193435,0.0883172285046948,0.267408956595144,-0.491737043940058,0.957895606530016,20000,5
Penta_E,AfAm,Asian,parent_child,0.124843486145828,0.351321001048222,0.687418802677378,-0.67219310839819,1.63362199373613,20000,6
D18S51,AfAm,Asian,parent_child,0.122991481284234,0.135558180266415,0.308397881312629,-0.723345630845573,0.59367247020254,20000,7
D7S820,AfAm,Asian,parent_child,0.106903288129767,0.0523575650652786,0.202657842097203,-0.300582038448503,0.396130210061228,20000,8
D16S539,AfAm,Asian,parent_child,0.067394746846092,0.0578638226846625,0.243930793555181,-0.289193449519091,1.08793692785384,20000,9
D8S1179,AfAm,Asian,parent_child,0.0404077988374317,0.0419346525127215,0.163997085271874,-0.371334630975791,0.168748971844911,20000,10
SE33,AfAm,Asian,parent_child,0.0235479258076294,0.13481851855259,0.390733371701856,-0.42231563518159,1.32643168936734,20000,11
LPL,AfAm,Asian,parent_child,0.0204367179068075,0.17429343998669,0.494089002676885,-0.267587427741436,1.40213563485503,20000,12
D2S441,AfAm,Asian,parent_child,0.0146883963300873,0.0896642778727571,0.26477778868156,-0.499829721861753,0.511076735284615,20000,13
D6S1043,AfAm,Asian,parent_child,0.0115369293810946,0.0488869668971498,0.204828878532717,-0.422315635181589,0.494138313368334,20000,14
D21S11,AfAm,Asian,parent_child,0.00780905686184792,0.195818930421023,0.489193119997294,-0.288976356546858,1.489933821115,20000,15
CSF1PO,AfAm,Asian,parent_child,0.00101019782288425,0.0677561292771077,0.318246849163183,-0.272553314848258,1.36214724163387,20000,16
D10S1248,AfAm,Asian,parent_child,0,0.0303499444987315,0.216687067368074,-0.135526078632219,1.16257488672867,20000,17
D1S1656,AfAm,Asian,parent_child,0,0.165208981535091,0.413885774485584,-0.379484134149008,0.820722413504706,20000,17
D2S1338,AfAm,Asian,parent_child,0,0.136884065871502,0.377146321770281,-0.499829721861752,0.944107322044384,20000,17
FESFPS,AfAm,Asian,parent_child,0,0.187589926398663,0.505338549960835,-0.649916713687039,1.6148725577233,20000,17
Penta_C,AfAm,Asian,parent_child,0,0.0848775360494708,0.29987604213561,-0.314221455221021,0.884109392369097,20000,17
vWA,AfAm,Asian,parent_child,0,0.142539254338191,0.405986208725532,-0.386675278912458,0.967956932537912,20000,17
TPOX,AfAm,Asian,parent_child,-0.00092445130067853,0.150918544988284,0.477694520699918,-0.171614788509985,1.56896520709147,20000,23
Penta_D,AfAm,Asian,parent_child,-0.00141730470076828,0.308475257615504,0.69407206446436,-0.271886366447047,1.67445824770754,20000,24
D3S1358,AfAm,Asian,parent_child,-0.0149778521691722,0.0190276029198175,0.155233171766153,-0.0742302652112732,0.546167313372345,20000,25
D12S391,AfAm,Asian,parent_child,-0.0167784447590294,0.0597389464574484,0.257247795884847,-0.275779619687628,0.814473464227701,20000,26
FGA,AfAm,Asian,parent_child,-0.044579012597839,0.0382478756973783,0.216429567782581,-0.209501569101169,0.78236364501706,20000,27
D22S1045,AfAm,Asian,parent_child,-0.0534829224649371,0.0959984877468047,0.381049490342791,-0.142683784218841,1.22952167635928,20000,28
D19S433,AfAm,Asian,parent_child,-0.0623077795582694,0.100719945575975,0.380174831625074,-0.304216323103596,1.41583210059665,20000,29
D13S317,AfAm,Asian,second_cousins,0.00345060221403606,0.0147164162870273,0.0610575194318959,0,0.0631808868231674,20000,1
CSF1PO,AfAm,Asian,second_cousins,0,0.00945576870685489,0.0838980233287338,-0.0105262539912477,0.0122708462517066,20000,2
D10S1248,AfAm,Asian,second_cousins,0,0.00417685744721963,0.0545786065001111,-0.0147687136985431,0.0232748088132333,20000,2
D12S391,AfAm,Asian,second_cousins,0,0.00730258281579946,0.0459075384974987,-0.0292040146853927,0.0682374131121078,20000,2
D16S539,AfAm,Asian,second_cousins,0,0.00539538544600576,0.0460319966855786,-0.0180157914495034,0.0261812222421771,20000,2
D18S51,AfAm,Asian,second_cousins,0,0.0143961247073695,0.0413382129008643,-0.00619024517620032,0.131313362039148,20000,2
D19S433,AfAm,Asian,second_cousins,0,0.0146823093299675,0.0960777626858527,-0.0225328858701211,0.137802646894107,20000,2
D1S1656,AfAm,Asian,second_cousins,0,0.021880981449166,0.0743505911763787,-0.034061720319854,0.252072732222231,20000,2
D21S11,AfAm,Asian,second_cousins,0,0.0279244757477974,0.119192408550702,-0.0361277226240597,0.145548258463626,20000,2
D22S1045,AfAm,Asian,second_cousins,0,0.0132125195947337,0.0899936819469273,-0.012743125658352,0.333138404266564,20000,2
D2S1338,AfAm,Asian,second_cousins,0,0.0185384132737134,0.0685538253783971,-0.0263590991086179,0.267381546984867,20000,2
D2S441,AfAm,Asian,second_cousins,0,0.00966387981578369,0.0293609107626229,-0.017627465055607,0.0964243784637498,20000,2
D3S1358,AfAm,Asian,second_cousins,0,0.00248604867860187,0.0238855763930862,-0.00670553124857198,0.00562669752305144,20000,2
D5S818,AfAm,Asian,second_cousins,0,0.00847750929894919,0.0478853717513143,-0.00785848302223515,0.0274653401083965,20000,2
D6S1043,AfAm,Asian,second_cousins,0,0.00453763047036113,0.0314832289897268,-0.0211246767229823,0.045443239836468,20000,2
D7S820,AfAm,Asian,second_cousins,0,0.00495908471149725,0.0213423393173469,-0.0265107156684667,0.0747609609081826,20000,2
D8S1179,AfAm,Asian,second_cousins,0,0.00365157402300397,0.0181638860703943,-0.0283114157298606,0.0250072048149651,20000,2
F13A01,AfAm,Asian,second_cousins,0,0.0642984849110007,0.136816651263043,-0.0389405699713094,0.431302600229318,20000,2
F13B,AfAm,Asian,second_cousins,0,0.140149852278902,0.21343620795259,-0.043125751414108,0.651881016754979,20000,2
FESFPS,AfAm,Asian,second_cousins,0,0.0302267747348956,0.146023293389152,-0.0151474095915705,0.814683421263927,20000,2
FGA,AfAm,Asian,second_cousins,0,0.00408038887799002,0.0442495612702134,-0.0128499491775517,0.0572067461094762,20000,2
LPL,AfAm,Asian,second_cousins,0,0.0323851150039043,0.132054818913623,-0.0178249914619168,0.574338760072207,20000,2
Penta_C,AfAm,Asian,second_cousins,0,0.00962201970302088,0.0539910582128448,-0.0218474791525923,0.242052135704644,20000,2
Penta_D,AfAm,Asian,second_cousins,0,0.0596654824595915,0.211864952170692,-0.029958882364375,0.838750513867126,20000,2
Penta_E,AfAm,Asian,second_cousins,0,0.0725831237452063,0.216200060751585,-0.0543914083486331,0.83332456699452,20000,2
SE33,AfAm,Asian,second_cousins,0,0.0172013129526067,0.0914222387780808,-0.0512293502003744,0.117027262028306,20000,2
TH01,AfAm,Asian,second_cousins,0,0.00913907079902193,0.0252418571651085,-0.0271713237574811,0.078221634018708,20000,2
TPOX,AfAm,Asian,second_cousins,0,0.0235647570991523,0.129532433686994,-0.0157789718574767,0.176051897612605,20000,2
vWA,AfAm,Asian,second_cousins,0,0.0226743989708718,0.0741091256162022,-0.0399365827131376,0.221039794155831,20000,2
CSF1PO,AfAm,Asian,unrelated,0,0,0,0,0,100000,1
D10S1248,AfAm,Asian,unrelated,0,0,0,0,0,100000,1
D12S391,AfAm,Asian,unrelated,0,0,0,0,0,100000,1
D13S317,AfAm,Asian,unrelated,0,0,0,0,0,100000,1
D16S539,AfAm,Asian,unrelated,0,0,0,0,0,100000,1
D18S51,AfAm,Asian,unrelated,0,0,0,0,0,100000,1
D19S433,AfAm,Asian,unrelated,0,0,0,0,0,100000,1
D1S1656,AfAm,Asian,unrelated,0,0,0,0,0,100000,1
D21S11,AfAm,Asian,unrelated,0,0,0,0,0,100000,1
D22S1045,AfAm,Asian,unrelated,0,0,0,0,0,100000,1
D2S1338,AfAm,Asian,unrelated,0,0,0,0,0,100000,1
D2S441,AfAm,Asian,unrelated,0,0,0,0,0,100000,1
D3S1358,AfAm,Asian,unrelated,0,0,0,0,0,100000,1
D5S818,AfAm,Asian,unrelated,0,0,0,0,0,100000,1
D6S1043,AfAm,Asian,unrelated,0,0,0,0,0,100000,1
D7S820,AfAm,Asian,unrelated,0,0,0,0,0,100000,1
D8S1179,AfAm,Asian,unrelated,0,0,0,0,0,100000,1
F13A01,AfAm,Asian,unrelated,0,0,0,0,0,100000,1
F13B,AfAm,Asian,unrelated,0,0,0,0,0,100000,1
FESFPS,AfAm,Asian,unrelated,0,0,0,0,0,100000,1
FGA,AfAm,Asian,unrelated,0,0,0,0,0,100000,1
LPL,AfAm,Asian,unrelated,0,0,0,0,0,100000,1
Penta_C,AfAm,Asian,unrelated,0,0,0,0,0,100000,1
Penta_D,AfAm,Asian,unrelated,0,0,0,0,0,100000,1
Penta_E,AfAm,Asian,unrelated,0,0,0,0,0,100000,1
SE33,AfAm,Asian,unrelated,0,0,0,0,0,100000,1
TH01,AfAm,Asian,unrelated,0,0,0,0,0,100000,1
TPOX,AfAm,Asian,unrelated,0,0,0,0,0,100000,1
vWA,AfAm,Asian,unrelated,0,0,0,0,0,100000,1
CSF1PO,AfAm,Cauc,cousins,0,0.0213026802235625,0.139883918674439,-0.0193613236339421,0.656348227628202,20000,1
D10S1248,AfAm,Cauc,cousins,0,0.0165185995276549,0.108838593105004,-0.0439460085797585,0.221232376217775,20000,1
D12S391,AfAm,Cauc,cousins,0,0.0117715210833919,0.0584389171414731,-0.0855035319267715,0.162486442284327,20000,1
D13S317,AfAm,Cauc,cousins,0,0.00643184683910791,0.0269215218805004,-0.00659302128025027,0.0338825725398202,20000,1
D16S539,AfAm,Cauc,cousins,0,0.00540288897853915,0.0302511616822278,-0.0410946653019857,0.0961703685228841,20000,1
D18S51,AfAm,Cauc,cousins,0,0.00958507381854887,0.0527539807914461,-0.0732928922099343,0.142972002423579,20000,1
D19S433,AfAm,Cauc,cousins,0,0.0304163851097091,0.14934236417964,-0.0650865644056907,0.564439403552977,20000,1
D1S1656,AfAm,Cauc,cousins,0,0.0188008100155035,0.0637111032859284,-0.113903437368901,0.173446676399404,20000,1
D21S11,AfAm,Cauc,cousins,0,0.0109112418819144,0.0812639926355939,-0.0547676464513185,0.241987390082621,20000,1
D22S1045,AfAm,Cauc,cousins,0,0.0199851111075208,0.10163666426277,-0.035633520165891,0.237735057592961,20000,1
D2S1338,AfAm,Cauc,cousins,0,0.0178892226980791,0.0714563709630674,-0.0551974675191711,0.207472919443171,20000,1
D2S441,AfAm,Cauc,cousins,0,0.012625059280027,0.0538926387563177,-0.0845965065929545,0.16011991673263,20000,1
D3S1358,AfAm,Cauc,cousins,0,0.00321732499874193,0.0233065450950651,-0.0188236120540734,0.0260655166854495,20000,1
D5S818,AfAm,Cauc,cousins,0,0.00797066546989716,0.064850727350225,-0.0363067621462799,0.0559393050344212,20000,1
D6S1043,AfAm,Cauc,cousins,0,0.00789238480562665,0.0572854351039276,-0.0414313263720352,0.150895833033195,20000,1
D7S820,AfAm,Cauc,cousins,0,0.00455034029282194,0.0258246837568926,-0.0604774422357626,0.0565699874796752,20000,1
D8S1179,AfAm,Cauc,cousins,0,0.0105822748949729,0.0386821869286916,-0.0372711845823671,0.0887114819277789,20000,1
F13A01,AfAm,Cauc,cousins,0,0.0294564624863888,0.134918180298147,-0.065167943369926,0.206041394489121,20000,1
F13B,AfAm,Cauc,cousins,0,0.0572384687217863,0.126200682940697,-0.0682652076106969,0.4144924530105,20000,1
FESFPS,AfAm,Cauc,cousins,0,0.01636677264737,0.115425223493201,-0.0217874504051169,0.252762605788662,20000,1
FGA,AfAm,Cauc,cousins,0,0.0084008342736578,0.0678695478687422,-0.0317232844770141,0.193717222256158,20000,1
LPL,AfAm,Cauc,cousins,0,0.0121308020074976,0.0636629114018918,-0.0547145114187419,0.178176453412317,20000,1
Penta_C,AfAm,Cauc,cousins,0,0.0111885975327689,0.08484561782485,-0.0460610868553884,0.194887745009728,20000,1
Penta_D,AfAm,Cauc,cousins,0,0.0574096790140659,0.21215698605273,-0.0824353232694329,0.863729242780147,20000,1
Penta_E,AfAm,Cauc,cousins,0,0.0408000509098971,0.143953468885285,-0.0588418808896324,0.469388804488972,20000,1
SE33,AfAm,Cauc,cousins,0,0.0125579218164625,0.0574616870284156,-0.123673976073725,0.145445860544546,20000,1
TH01,AfAm,Cauc,cousins,0,0.0191289682137732,0.0410982426868337,-0.0939669309283897,0.107388184605339,20000,1
TPOX,AfAm,Cauc,cousins,0,0.036568922067794,0.212345181304186,-0.0216277243659584,1.23568212784638,20000,1
vWA,AfAm,Cauc,cousins,0,0.00480454977787014,0.0362047300215593,-0.02899629023542,0.057385056032664,20000,1
TH01,AfAm,Cauc,full_siblings,0.206222293286025,0.118717341638056,0.240926372760932,-0.401985739632982,0.511008201697731,20000,1
SE33,AfAm,Cauc,full_siblings,0.0731492812777118,0.0767581207857963,0.225468097871373,-0.446738625725941,0.477851338442244,20000,2
D12S391,AfAm,Cauc,full_siblings,0.0647466064581161,0.0668259618620876,0.220454246714897,-0.381861546801989,0.525672092911958,20000,3
D13S317,AfAm,Cauc,full_siblings,0.0546124467344326,0.0407398355644194,0.146757817664572,-0.379223711683078,0.287376085200845,20000,4
D3S1358,AfAm,Cauc,full_siblings,0.03372529676898,0.0229711497110233,0.112358363840547,-0.355189008654029,0.198118055902066,20000,5
F13A01,AfAm,Cauc,full_siblings,0.0286542414940794,0.15824855930163,0.404815028454851,-0.360376709335269,1.35814354209428,20000,6
D1S1656,AfAm,Cauc,full_siblings,0.0179603289397389,0.0989934314230051,0.276198506200771,-0.367664783645568,0.712333965894,20000,7
D2S441,AfAm,Cauc,full_siblings,0.0173558219122643,0.0650557577355883,0.223826720907976,-0.347207996455222,0.525824163159318,20000,8
D21S11,AfAm,Cauc,full_siblings,0.0022457984223736,0.0597072981100586,0.256454500503813,-0.264603301564489,0.795280576970228,20000,9
CSF1PO,AfAm,Cauc,full_siblings,0,0.0937242048925073,0.376495918182654,-0.215324345124819,1.31848072517452,20000,10
D16S539,AfAm,Cauc,full_siblings,0,0.0318301600772018,0.148246345953062,-0.171893541226647,0.289737309651397,20000,10
D18S51,AfAm,Cauc,full_siblings,0,0.0524478464135386,0.210336343935273,-0.417221185594347,0.524278031497907,20000,10
D19S433,AfAm,Cauc,full_siblings,0,0.166464384654098,0.440529319582947,-0.26704564560198,1.39198251495311,20000,10
D22S1045,AfAm,Cauc,full_siblings,0,0.111286575580067,0.329723705707466,-0.30408684740186,1.19743703244974,20000,10
D2S1338,AfAm,Cauc,full_siblings,0,0.0893840689704829,0.286765945333863,-0.316161141819865,0.607352104285068,20000,10
D5S818,AfAm,Cauc,full_siblings,0,0.0452058035143303,0.215391242342821,-0.148413211218126,0.892511249247938,20000,10
D6S1043,AfAm,Cauc,full_siblings,0,0.0457967560110307,0.207287797352832,-0.245059075624525,0.608605472466747,20000,10
D7S820,AfAm,Cauc,full_siblings,0,0.0282356126015699,0.133932132994061,-0.275305457389169,0.251185611949289,20000,10
D8S1179,AfAm,Cauc,full_siblings,0,0.0581337042559684,0.192237132973482,-0.286685005683179,0.422411624490877,20000,10
F13B,AfAm,Cauc,full_siblings,0,0.264089336426714,0.470644071215237,-0.403549104223314,1.41332554000037,20000,10
FGA,AfAm,Cauc,full_siblings,0,0.051516942007001,0.232218697619911,-0.318222727658977,0.771938061696387,20000,10
LPL,AfAm,Cauc,full_siblings,0,0.0696920625112313,0.2434240205852,-0.277070003800569,0.562908798883646,20000,10
Penta_C,AfAm,Cauc,full_siblings,0,0.0542507402688681,0.250632701198788,-0.229146442272932,0.927959567272995,20000,10
Penta_D,AfAm,Cauc,full_siblings,0,0.248180874787023,0.580676851284869,-0.378294430346828,1.52091480768679,20000,10
Penta_E,AfAm,Cauc,full_siblings,0,0.144903058027731,0.421492764424839,-0.327958456526939,1.08932217147985,20000,10
TPOX,AfAm,Cauc,full_siblings,0,0.148763872769412,0.517185190117556,-0.214119626523564,1.73981235245946,20000,10
vWA,AfAm,Cauc,full_siblings,0,0.0255460541116209,0.145507533982995,-0.201632358348032,0.358129060828794,20000,10
FESFPS,AfAm,Cauc,full_siblings,-0.0135143296605597,0.081648465159493,0.336050187843849,-0.144840190995416,1.21120869457536,20000,28
D10S1248,AfAm,Cauc,full_siblings,-0.0206486934006193,0.0697477142820256,0.316539005559442,-0.187206888244598,1.34308041111347,20000,29
TH01,AfAm,Cauc,half_siblings,0.0814672287174272,0.0665926585866844,0.141410989882358,-0.318440589396712,0.251357146295539,20000,1
D2S441,AfAm,Cauc,half_siblings,0.00973680329292184,0.0384572551812782,0.147446074344442,-0.256459427082599,0.399708482914871,20000,2
D3S1358,AfAm,Cauc,half_siblings,0.00211281818738335,0.0125161581460865,0.0691989981381712,-0.239107637795945,0.0814672287174272,20000,3
CSF1PO,AfAm,Cauc,half_siblings,0,0.0529534713779795,0.265350246159166,-0.0738820038496298,1.21130631712138,20000,4
D10S1248,AfAm,Cauc,half_siblings,0,0.0422397816800459,0.221384450784847,-0.126036826907354,0.537516124834121,20000,4
D12S391,AfAm,Cauc,half_siblings,0,0.0347827436116606,0.146952376667438,-0.336094603462286,0.415540669888566,20000,4
D13S317,AfAm,Cauc,half_siblings,0,0.021709315429914,0.088603613029567,-0.243703897239885,0.143688042600421,20000,4
D16S539,AfAm,Cauc,half_siblings,0,0.0185977022932661,0.0937560289291794,-0.123567533677594,0.236006139350258,20000,4
D18S51,AfAm,Cauc,half_siblings,0,0.0299275281785885,0.140185449120961,-0.227886933629729,0.475792299278488,20000,4
D19S433,AfAm,Cauc,half_siblings,0,0.0943752382591654,0.308317777768374,-0.199216087552943,0.966991061397512,20000,4
D1S1656,AfAm,Cauc,half_siblings,0,0.056614793376233,0.180111226565817,-0.305766570331714,0.396484334171461,20000,4
D21S11,AfAm,Cauc,half_siblings,0,0.0343286483848895,0.17588387195881,-0.215996762376293,0.450459773702819,20000,4
D22S1045,AfAm,Cauc,half_siblings,0,0.0626916767792474,0.224754141143612,-0.194359494811913,0.573505093969001,20000,4
D2S1338,AfAm,Cauc,half_siblings,0,0.0525907413204379,0.191757828111682,-0.194620982463685,0.487461653034519,20000,4
D5S818,AfAm,Cauc,half_siblings,0,0.0268537154323161,0.148512333556949,-0.115528382731575,0.350695206788195,20000,4
D6S1043,AfAm,Cauc,half_siblings,0,0.0264396447906359,0.141497804128434,-0.15408654879903,0.563698860175137,20000,4
D7S820,AfAm,Cauc,half_siblings,0,0.0158007207046,0.0808780989182404,-0.175601084644839,0.146314869185919,20000,4
D8S1179,AfAm,Cauc,half_siblings,0,0.0354649864689341,0.117620504682875,-0.12803962271896,0.241496287202337,20000,4
F13A01,AfAm,Cauc,half_siblings,0,0.0870757991927327,0.272892376362521,-0.237514882325324,1.05536012616103,20000,4
F13B,AfAm,Cauc,half_siblings,0,0.157571902221874,0.304464913314221,-0.253351706474233,0.80958129502146,20000,4
FGA,AfAm,Cauc,half_siblings,0,0.0278022459490245,0.157634763005928,-0.268692848017923,0.682991838592515,20000,4
LPL,AfAm,Cauc,half_siblings,0,0.0392527328181044,0.161267672070754,-0.189895588748692,0.406364686641653,20000,4
Penta_C,AfAm,Cauc,half_siblings,0,0.0309519086103444,0.174041958838081,-0.145744890984747,0.741554170301661,20000,4
Penta_D,AfAm,Cauc,half_siblings,0,0.149113799502998,0.416365057637185,-0.251715220586444,1.28241006946319,20000,4
Penta_E,AfAm,Cauc,half_siblings,0,0.0910089566759864,0.298443400623402,-0.210026006153279,0.8819549713396,20000,4
SE33,AfAm,Cauc,half_siblings,0,0.0401153738883384,0.150001734281201,-0.326373021404679,0.27268882997695,20000,4
TPOX,AfAm,Cauc,half_siblings,0,0.0872936703700182,0.376248424883827,-0.107059813261781,1.67965546902892,20000,4
vWA,AfAm,Cauc,half_siblings,0,0.0145716234015081,0.0939088280889001,-0.164615676690572,0.202077999607584,20000,4
FESFPS,AfAm,Cauc,half_siblings,-0.00864680097324397,0.0456159954445378,0.236624437658984,-0.0655426752601937,1.01953168453126,20000,29
F13A01,AfAm,Cauc,parent_child,0.242841045062186,0.147476227717653,0.400296876682593,-0.438400192313404,1.3472478133012,20000,1
TH01,AfAm,Cauc,parent_child,0.191162023695134,0.109429801747257,0.260639408160306,-0.553174315704345,0.322957263444884,20000,2
SE33,AfAm,Cauc,parent_child,0.183181938717035,0.0745723843626939,0.227512841538568,-0.453640158870139,0.312276635096494,20000,3
D12S391,AfAm,Cauc,parent_child,0.0735599601928411,0.0644940834837172,0.225199911947161,-0.417427986215694,0.482118944875172,20000,4
D3S1358,AfAm,Cauc,parent_child,0.0532973249856228,0.0238321118086961,0.1196070477845,-0.422880795064603,0.12640914254658,20000,5
D18S51,AfAm,Cauc,parent_child,0.0405144351483019,0.0529292665410182,0.214325434556415,-0.47875087945317,0.543006199122273,20000,6
D2S441,AfAm,Cauc,parent_child,0.0234810958495234,0.0631716486488221,0.23047321349814,-0.394934498532313,0.545080622290687,20000,7
Penta_C,AfAm,Cauc,parent_child,0.0234810958495227,0.0506208577188611,0.253293278806686,-0.211204878472006,0.965489148871837,20000,8
D1S1656,AfAm,Cauc,parent_child,0.0234810958495221,0.0906955203515338,0.28303505154716,-0.427311220147791,0.513118907991182,20000,9
D21S11,AfAm,Cauc,parent_child,0.00525627574332657,0.0598599049555176,0.26016010835551,-0.283709208519276,0.801632346233167,20000,10
D13S317,AfAm,Cauc,parent_child,0.00138368864199867,0.0394086257876031,0.157086027705462,-0.362979095139085,0.192045399048341,20000,11
D19S433,AfAm,Cauc,parent_child,0,0.15790819551871,0.429871077319095,-0.289234658139654,1.42142110452156,20000,12
D22S1045,AfAm,Cauc,parent_child,0,0.10345824591264,0.339232976212625,-0.300156690559933,1.22952167635928,20000,12
D2S1338,AfAm,Cauc,parent_child,0,0.0865285685620739,0.291959855254786,-0.264774611778031,0.598668940777183,20000,12
D6S1043,AfAm,Cauc,parent_child,0,0.0411790641936519,0.213011529207051,-0.285743378429728,0.625541087177486,20000,12
D7S820,AfAm,Cauc,parent_child,0,0.0277905462395311,0.142575740646585,-0.259065494120446,0.199572354905206,20000,12
D8S1179,AfAm,Cauc,parent_child,0,0.0550376048759407,0.202884982197711,-0.27754889981446,0.286722530624105,20000,12
F13B,AfAm,Cauc,parent_child,0,0.231935342764861,0.46089484562354,-0.480742551905389,1.00499769015551,20000,12
FGA,AfAm,Cauc,parent_child,0,0.0482023639443303,0.230638681550977,-0.357707186728395,0.78236364501706,20000,12
LPL,AfAm,Cauc,parent_child,0,0.0624244278725342,0.2484517724008,-0.328133345683914,0.52571307115222,20000,12
Penta_D,AfAm,Cauc,parent_child,0,0.237025760504134,0.564831790789254,-0.372932392861042,1.43845444382034,20000,12
Penta_E,AfAm,Cauc,parent_child,0,0.135815244804892,0.417216949139274,-0.263760615328825,1.080385947186,20000,12
vWA,AfAm,Cauc,parent_child,0,0.0254895591713466,0.153805146067683,-0.21811171196259,0.259938799224496,20000,12
D16S539,AfAm,Cauc,parent_child,-0.000106301427994088,0.0285087295687288,0.157655297364842,-0.186416725665364,0.31378722612173,20000,24
TPOX,AfAm,Cauc,parent_child,-0.000697461949174194,0.142471098885985,0.514225826605439,-0.154212665573874,1.81008265792393,20000,25
CSF1PO,AfAm,Cauc,parent_child,-0.00403670544536272,0.0887527931633931,0.372491626171085,-0.242220937472715,1.36214724163387,20000,26
FESFPS,AfAm,Cauc,parent_child,-0.0166361273584596,0.0762081129044811,0.336895991345453,-0.0990273351335274,1.24476164291602,20000,27
D5S818,AfAm,Cauc,parent_child,-0.0222763947111513,0.0414895073371335,0.21951225930605,-0.182332044825847,0.926571082841467,20000,28
D10S1248,AfAm,Cauc,parent_child,-0.0324955598928385,0.0728966694855068,0.31950427550087,-0.180638886806403,1.40369233756113,20000,29
CSF1PO,AfAm,Cauc,second_cousins,0,0.0123634806250279,0.0934499557598732,-0.0101488153095036,0.190112744557435,20000,1
D10S1248,AfAm,Cauc,second_cousins,0,0.0101117940885492,0.0770060104842928,-0.0225035930993464,0.130409919126899,20000,1
D12S391,AfAm,Cauc,second_cousins,0,0.00623229129031158,0.0330711587634285,-0.00672283264519682,0.0981436275319617,20000,1
D13S317,AfAm,Cauc,second_cousins,0,0.00341469902139077,0.0133969163864185,-0.00201855671047888,0.0174762966044187,20000,1
D16S539,AfAm,Cauc,second_cousins,0,0.00304451964613478,0.0165467451529297,-0.0130964003562096,0.0539088594652957,20000,1
D18S51,AfAm,Cauc,second_cousins,0,0.00561695002378745,0.0303283205405482,-0.0313084603907182,0.0834272105918389,20000,1
D19S433,AfAm,Cauc,second_cousins,0,0.0187315382447595,0.10371565264283,-0.0255276240636907,0.412853800172234,20000,1
D1S1656,AfAm,Cauc,second_cousins,0,0.0097045602571113,0.0343796408037159,-0.0514704397682537,0.100063747961399,20000,1
D21S11,AfAm,Cauc,second_cousins,0,0.00591762636278785,0.0519906573750885,-0.0305266325140671,0.0442828049946694,20000,1
D22S1045,AfAm,Cauc,second_cousins,0,0.0123085411140947,0.0697126078863045,-0.0177050252946878,0.0958233874445209,20000,1
D2S1338,AfAm,Cauc,second_cousins,0,0.0105884145026833,0.0409996807381494,-0.0290597579174925,0.120940038272338,20000,1
D2S441,AfAm,Cauc,second_cousins,0,0.0070004025875364,0.0293811916877729,-0.0348853041676137,0.0898515699453348,20000,1
D3S1358,AfAm,Cauc,second_cousins,0,0.00179018082888727,0.0121133051606033,-0.0102424622885865,0.0136753295626574,20000,1
D5S818,AfAm,Cauc,second_cousins,0,0.00470446694150095,0.044145609398521,-0.0189799889243752,0.0308669726212995,20000,1
D6S1043,AfAm,Cauc,second_cousins,0,0.00496682016336649,0.0390515120637789,-0.0210049649357735,0.0919127666983676,20000,1
D7S820,AfAm,Cauc,second_cousins,0,0.00250390080155023,0.01461989668059,-0.0313384250562861,0.0311598504017969,20000,1
D8S1179,AfAm,Cauc,second_cousins,0,0.00525315508461504,0.0204257309824744,-0.0196176513792961,0.0506862850443385,20000,1
F13A01,AfAm,Cauc,second_cousins,0,0.0156987849760869,0.0867402945139258,-0.0332176280241052,0.118759836132168,20000,1
F13B,AfAm,Cauc,second_cousins,0,0.0348431819820702,0.0794279884048932,-0.0346930068174672,0.260583530359384,20000,1
FESFPS,AfAm,Cauc,second_cousins,0,0.00912835166752978,0.0754314129532374,-0.0115298921371075,0.155019441435234,20000,1
FGA,AfAm,Cauc,second_cousins,0,0.00492731401235378,0.0465759450469642,-0.0165370283298276,0.0452551255747527,20000,1
LPL,AfAm,Cauc,second_cousins,0,0.00710302350270568,0.0412553652843215,-0.0281241306545081,0.102920015176939,20000,1
Penta_C,AfAm,Cauc,second_cousins,0,0.00657246287672252,0.0574839406975521,-0.025648454783841,0.0106488134959493,20000,1
Penta_D,AfAm,Cauc,second_cousins,0,0.0395839625472023,0.153129248245903,-0.0438548766316394,0.640691116333199,20000,1
Penta_E,AfAm,Cauc,second_cousins,0,0.0240626449192071,0.0899060160714029,-0.0260484965424822,0.301687519607753,20000,1
SE33,AfAm,Cauc,second_cousins,0,0.00675142864704176,0.0336369099623681,-0.0500760363756232,0.0695315710652149,20000,1
TH01,AfAm,Cauc,second_cousins,0,0.0103887093953086,0.0228893108414269,-0.0405645652031447,0.061703808510596,20000,1
TPOX,AfAm,Cauc,second_cousins,0,0.0251856810096733,0.16011923869761,-0.0109162906798104,0.0807838316715241,20000,1
vWA,AfAm,Cauc,second_cousins,0,0.00242880308484477,0.0218490668000555,-0.0167089641233916,0.0275948605613965,20000,1
CSF1PO,AfAm,Cauc,unrelated,0,0,0,0,0,100000,1
D10S1248,AfAm,Cauc,unrelated,0,0,0,0,0,100000,1
D12S391,AfAm,Cauc,unrelated,0,0,0,0,0,100000,1
D13S317,AfAm,Cauc,unrelated,0,0,0,0,0,100000,1
D16S539,AfAm,Cauc,unrelated,0,0,0,0,0,100000,1
D18S51,AfAm,Cauc,unrelated,0,0,0,0,0,100000,1
D19S433,AfAm,Cauc,unrelated,0,0,0,0,0,100000,1
D1S1656,AfAm,Cauc,unrelated,0,0,0,0,0,100000,1
D21S11,AfAm,Cauc,unrelated,0,0,0,0,0,100000,1
D22S1045,AfAm,Cauc,unrelated,0,0,0,0,0,100000,1
D2S1338,AfAm,Cauc,unrelated,0,0,0,0,0,100000,1
D2S441,AfAm,Cauc,unrelated,0,0,0,0,0,100000,1
D3S1358,AfAm,Cauc,unrelated,0,0,0,0,0,100000,1
D5S818,AfAm,Cauc,unrelated,0,0,0,0,0,100000,1
D6S1043,AfAm,Cauc,unrelated,0,0,0,0,0,100000,1
D7S820,AfAm,Cauc,unrelated,0,0,0,0,0,100000,1
D8S1179,AfAm,Cauc,unrelated,0,0,0,0,0,100000,1
F13A01,AfAm,Cauc,unrelated,0,0,0,0,0,100000,1
F13B,AfAm,Cauc,unrelated,0,0,0,0,0,100000,1
FESFPS,AfAm,Cauc,unrelated,0,0,0,0,0,100000,1
FGA,AfAm,Cauc,unrelated,0,0,0,0,0,100000,1
LPL,AfAm,Cauc,unrelated,0,0,0,0,0,100000,1
Penta_C,AfAm,Cauc,unrelated,0,0,0,0,0,100000,1
Penta_D,AfAm,Cauc,unrelated,0,0,0,0,0,100000,1
Penta_E,AfAm,Cauc,unrelated,0,0,0,0,0,100000,1
SE33,AfAm,Cauc,unrelated,0,0,0,0,0,100000,1
TH01,AfAm,Cauc,unrelated,0,0,0,0,0,100000,1
TPOX,AfAm,Cauc,unrelated,0,0,0,0,0,100000,1
vWA,AfAm,Cauc,unrelated,0,0,0,0,0,100000,1
D13S317,AfAm,Hispanic,cousins,0.0184625989405439,0.0138936468052502,0.0370871508092518,0,0.0466948923566165,20000,1
CSF1PO,AfAm,Hispanic,cousins,0,0.0138589045706407,0.101840700268546,-0.0183543881710848,0.365270891918669,20000,2
D10S1248,AfAm,Hispanic,cousins,0,0.00994669136549799,0.0696312894672052,-0.0168127267939763,0.160159214517067,20000,2
D12S391,AfAm,Hispanic,cousins,0,0.00964137088831353,0.047608157542885,-0.0718498474055442,0.091303162265291,20000,2
D16S539,AfAm,Hispanic,cousins,0,0.0022597878381191,0.0205290058494763,-0.0305454078324462,0.0359309218592848,20000,2
D18S51,AfAm,Hispanic,cousins,0,0.00878090592649408,0.0431769146801036,-0.0886672746046989,0.113750855249529,20000,2
D19S433,AfAm,Hispanic,cousins,0,0.0108496984085903,0.0617799580915637,-0.0470114233062395,0.166529065782114,20000,2
D1S1656,AfAm,Hispanic,cousins,0,0.011744817674756,0.0444064784178981,-0.069813869928168,0.101236850473437,20000,2
D21S11,AfAm,Hispanic,cousins,0,0.0147653071909882,0.0703547414053526,-0.0915726372093087,0.187330995656467,20000,2
D22S1045,AfAm,Hispanic,cousins,0,0.0194016542381626,0.0709787907558019,-0.0492669408143244,0.260110398223455,20000,2
D2S1338,AfAm,Hispanic,cousins,0,0.0149210558828654,0.0650295163516781,-0.0485889507118914,0.225824735006363,20000,2
D2S441,AfAm,Hispanic,cousins,0,0.0214800811133082,0.0689211240755202,-0.108886890981929,0.214202796077436,20000,2
D3S1358,AfAm,Hispanic,cousins,0,0.00138018733333825,0.0155042956098395,-0.00345047940372713,0.018775940984583,20000,2
D5S818,AfAm,Hispanic,cousins,0,0.0109434258846443,0.0552536181414887,-0.0426602459718723,0.100033786235367,20000,2
D6S1043,AfAm,Hispanic,cousins,0,0.00720460364206771,0.0548986337367517,-0.0125196894390834,0.139179175722909,20000,2
D7S820,AfAm,Hispanic,cousins,0,0.00516138155302103,0.0266044045696601,-0.0581084451727979,0.0834743166421643,20000,2
D8S1179,AfAm,Hispanic,cousins,0,0.00421818686581212,0.0271339221956646,-0.0216139624390089,0.0525227168264336,20000,2
F13A01,AfAm,Hispanic,cousins,0,0.0177891674412254,0.0954313593691939,-0.047438768177108,0.269315582486775,20000,2
F13B,AfAm,Hispanic,cousins,0,0.04513787796742,0.104539675018158,-0.0723934091972246,0.3454058719506,20000,2
FESFPS,AfAm,Hispanic,cousins,0,0.0188795767667116,0.116104588318542,-0.023501630843959,0.359063893328191,20000,2
FGA,AfAm,Hispanic,cousins,0,0.00358818614372948,0.0509826385461563,-0.0674436507668653,0.0295201588162336,20000,2
LPL,AfAm,Hispanic,cousins,0,0.00917370923944964,0.0465804103874205,-0.0380759762598204,0.160159214517067,20000,2
Penta_C,AfAm,Hispanic,cousins,0,0.00315823415078701,0.0381024679252857,-0.0223485314169063,0.0825825670851997,20000,2
Penta_D,AfAm,Hispanic,cousins,0,0.0363007019330489,0.149232961743479,-0.0590881894156277,0.480160780755014,20000,2
Penta_E,AfAm,Hispanic,cousins,0,0.027868861133748,0.100017922079821,-0.0774224577755892,0.296751197684707,20000,2
SE33,AfAm,Hispanic,cousins,0,0.00899797928066941,0.0544857836823283,-0.0787170081820376,0.13117764752775,20000,2
TH01,AfAm,Hispanic,cousins,0,0.00876562682689515,0.0321051807456416,-0.0709350383519579,0.0759206729832381,20000,2
TPOX,AfAm,Hispanic,cousins,0,0.0201658681028836,0.100285802354949,-0.0173855154783097,0.548253387143586,20000,2
vWA,AfAm,Hispanic,cousins,0,0.00120495552281787,0.0215401008067866,-0.0146724947983326,0.035681248362936,20000,2
D13S317,AfAm,Hispanic,full_siblings,0.120858471251081,0.0890133797552272,0.206854895778941,-0.535364456828399,0.379879749670308,20000,1
TH01,AfAm,Hispanic,full_siblings,0.0710230010825175,0.0532631596143377,0.177762829290403,-0.282546589969968,0.383370932924584,20000,2
D2S441,AfAm,Hispanic,full_siblings,0.0632771303352691,0.114981514331804,0.277227321663125,-0.443432026459016,0.693012718948293,20000,3
D3S1358,AfAm,Hispanic,full_siblings,0.027972538594841,0.0102203584219968,0.0796537139600738,-0.284941031799898,0.10141205390501,20000,4
D7S820,AfAm,Hispanic,full_siblings,0.0238887806652129,0.0311685337692488,0.143400784228949,-0.220348043006049,0.278517212650616,20000,5
D5S818,AfAm,Hispanic,full_siblings,0.0211892990699383,0.0632548237005864,0.216003677016715,-0.199978204160606,0.71042962650307,20000,6
SE33,AfAm,Hispanic,full_siblings,0.0207626567076753,0.050489078166921,0.201505354818711,-0.388915167950098,0.472642264468621,20000,7
D19S433,AfAm,Hispanic,full_siblings,0.0155129383678352,0.0640772985975031,0.2321312134372,-0.205296933191699,0.638145337381099,20000,8
D18S51,AfAm,Hispanic,full_siblings,0.0145461850290363,0.0520926026883457,0.191520410578649,-0.416124355875554,0.422836195288916,20000,9
D8S1179,AfAm,Hispanic,full_siblings,0.00233935079062744,0.02436553041836,0.125064396930445,-0.309899856387276,0.292728015876711,20000,10
D6S1043,AfAm,Hispanic,full_siblings,0.000450109740288251,0.0527747287627592,0.191653118908351,-0.298178797005744,0.545900152159515,20000,11
CSF1PO,AfAm,Hispanic,full_siblings,0,0.0606081832049497,0.280977528098226,-0.155621844003728,1.07554696139253,20000,12
D12S391,AfAm,Hispanic,full_siblings,0,0.0530114369922805,0.195113512462825,-0.310234454163678,0.454872012570097,20000,12
D16S539,AfAm,Hispanic,full_siblings,0,0.0134116276665559,0.0936991201363667,-0.135847794416347,0.253429890242165,20000,12
D1S1656,AfAm,Hispanic,full_siblings,0,0.0666477156795861,0.210252453351148,-0.403085541418084,0.569472942798237,20000,12
D21S11,AfAm,Hispanic,full_siblings,0,0.0768030248034701,0.263149791775818,-0.290984606630844,0.746171542394493,20000,12
D22S1045,AfAm,Hispanic,full_siblings,0,0.113283112882461,0.285127179313655,-0.360800498153741,0.743671202172425,20000,12
D2S1338,AfAm,Hispanic,full_siblings,0,0.0729429868890597,0.261345244458914,-0.274710134949795,0.608563094998121,20000,12
F13A01,AfAm,Hispanic,full_siblings,0,0.0930423593284608,0.30767619146806,-0.30806594293429,0.911416277579356,20000,12
F13B,AfAm,Hispanic,full_siblings,0,0.221771682963396,0.411756212327231,-0.427035747713027,1.21846204679522,20000,12
FESFPS,AfAm,Hispanic,full_siblings,0,0.0951814816959619,0.34691279239342,-0.217607795305685,1.26777243429401,20000,12
FGA,AfAm,Hispanic,full_siblings,0,0.0245108777788521,0.177341112497083,-0.262049215390574,0.771543108100871,20000,12
LPL,AfAm,Hispanic,full_siblings,0,0.0517858523371053,0.198976940481223,-0.201981541966628,0.55574410990112,20000,12
Penta_C,AfAm,Hispanic,full_siblings,0,0.0172613842871202,0.136471292506958,-0.144700993824676,0.498678579386479,20000,12
Penta_D,AfAm,Hispanic,full_siblings,0,0.173029054751797,0.456178005906227,-0.403233603218474,1.29644395007238,20000,12
Penta_E,AfAm,Hispanic,full_siblings,0,0.115073128109766,0.341195783330629,-0.319914677066093,0.79458295337747,20000,12
TPOX,AfAm,Hispanic,full_siblings,0,0.0996448002482552,0.324255902483553,-0.168650773277382,0.95925503230994,20000,12
vWA,AfAm,Hispanic,full_siblings,-0.000460851065291978,0.00589179330689665,0.0785961460162434,-0.110703276022373,0.176665018009255,20000,28
D10S1248,AfAm,Hispanic,full_siblings,-0.035013301088747,0.0432145711287895,0.226721775810602,-0.116380556072195,0.85355443310512,20000,29
D13S317,AfAm,Hispanic,half_siblings,0.0820992490648398,0.0477881564983583,0.125189323434874,-0.415695847691442,0.153412885396062,20000,1
D2S441,AfAm,Hispanic,half_siblings,0.036318309285793,0.0659128740569149,0.180822335344059,-0.355324844032953,0.499644950553115,20000,2
TH01,AfAm,Hispanic,half_siblings,0.0232609823976496,0.0303476904548791,0.108593027355993,-0.223649361488299,0.261633593338327,20000,3
D5S818,AfAm,Hispanic,half_siblings,0.000243023753050853,0.036833232040161,0.143819709136798,-0.138152267100729,0.272897485593677,20000,4
CSF1PO,AfAm,Hispanic,half_siblings,0,0.0342827357513746,0.198185514198082,-0.0778109220018646,0.980413477529238,20000,5
D12S391,AfAm,Hispanic,half_siblings,0,0.0296918494846192,0.127843104485235,-0.223374781948663,0.276206411938949,20000,5
D16S539,AfAm,Hispanic,half_siblings,0,0.00769950648450039,0.0589919402367586,-0.0895242339642849,0.196859343796375,20000,5
D18S51,AfAm,Hispanic,half_siblings,0,0.0293986052165151,0.124363018058642,-0.245238463144255,0.306382625579323,20000,5
D19S433,AfAm,Hispanic,half_siblings,0,0.0372093313181382,0.156273337898091,-0.159854335651968,0.554866655224194,20000,5
D1S1656,AfAm,Hispanic,half_siblings,0,0.037174002266872,0.13499745220127,-0.228222732655979,0.261572912859582,20000,5
D21S11,AfAm,Hispanic,half_siblings,0,0.0455965860783158,0.17353918950948,-0.232861561115589,0.364545144996226,20000,5
D22S1045,AfAm,Hispanic,half_siblings,0,0.0633323623560022,0.18353217919799,-0.171929416675773,0.506852315491218,20000,5
D2S1338,AfAm,Hispanic,half_siblings,0,0.0435558777153429,0.17487338932439,-0.178395635512354,0.494639403595508,20000,5
D3S1358,AfAm,Hispanic,half_siblings,0,0.00530048548077017,0.0497541874193343,-0.211028258726304,0.0471657425755295,20000,5
D6S1043,AfAm,Hispanic,half_siblings,0,0.0279931508831755,0.131694833728435,-0.259341648364677,0.321601785058003,20000,5
D7S820,AfAm,Hispanic,half_siblings,0,0.0167067085761322,0.0876531693912574,-0.16775022238123,0.206888020276364,20000,5
D8S1179,AfAm,Hispanic,half_siblings,0,0.0142126977924461,0.0771162026173977,-0.0641706895544541,0.258774598481986,20000,5
F13A01,AfAm,Hispanic,half_siblings,0,0.0527476345214849,0.208424553474789,-0.156792780845421,0.874509427889369,20000,5
F13B,AfAm,Hispanic,half_siblings,0,0.130272737672932,0.263770118277379,-0.272904076409127,0.711541776872435,20000,5
FESFPS,AfAm,Hispanic,half_siblings,0,0.053110056800378,0.239698012331171,-0.108803897652843,0.704024895333287,20000,5
FGA,AfAm,Hispanic,half_siblings,0,0.0145544439838757,0.12284917364905,-0.156458174281226,0.114585275904668,20000,5
LPL,AfAm,Hispanic,half_siblings,0,0.0299306205513458,0.12909030177786,-0.125613032268503,0.373265749411351,20000,5
Penta_C,AfAm,Hispanic,half_siblings,0,0.0103281122772657,0.0914816139536535,-0.0793107444528897,0.378553627172923,20000,5
Penta_D,AfAm,Hispanic,half_siblings,0,0.101297954433168,0.316338590087172,-0.172611075167539,0.777790989490398,20000,5
Penta_E,AfAm,Hispanic,half_siblings,0,0.0701858314627013,0.235468927470901,-0.205748963966847,0.636822097587175,20000,5
SE33,AfAm,Hispanic,half_siblings,0,0.0268792760055045,0.136083922296582,-0.241380434147612,0.406164330577608,20000,5
TPOX,AfAm,Hispanic,half_siblings,0,0.0584935667712674,0.221802074715748,-0.0843253866386904,0.90507867900358,20000,5
vWA,AfAm,Hispanic,half_siblings,0,0.00357305021291214,0.0511951699736018,-0.0494853630799206,0.0927748258204688,20000,5
D10S1248,AfAm,Hispanic,half_siblings,-0.0169311643819677,0.0264409431677406,0.155587285039835,-0.055057513638639,0.422122706132052,20000,29
D13S317,AfAm,Hispanic,parent_child,0.152384533137549,0.0872767011299217,0.218523611459501,-0.598363845768,0.249928951256357,20000,1
D18S51,AfAm,Hispanic,parent_child,0.0850672245706075,0.0522568196314649,0.198083927317823,-0.477384065306744,0.358411000186722,20000,2
D2S441,AfAm,Hispanic,parent_child,0.0841184650848082,0.110430002161945,0.285154334436057,-0.599083233843544,0.661515419019118,20000,3
TH01,AfAm,Hispanic,parent_child,0.0682540322295476,0.0513686305068002,0.192686024128467,-0.354407392249334,0.332522239699195,20000,4
SE33,AfAm,Hispanic,parent_child,0.0565222518969115,0.0488900546073296,0.206056989856184,-0.41939211832906,0.454309849799916,20000,5
D19S433,AfAm,Hispanic,parent_child,0.0430058795698958,0.0604860188961905,0.237247026651825,-0.226931387575672,0.6272563124793,20000,6
D1S1656,AfAm,Hispanic,parent_child,0.0402244111697023,0.0637951177760286,0.220742405490879,-0.474733226058032,0.344035875233877,20000,7
D7S820,AfAm,Hispanic,parent_child,0.0392457306965892,0.0287980101378974,0.15184630315087,-0.246285712822842,0.276135639595944,20000,8
D5S818,AfAm,Hispanic,parent_child,0.03616645503959,0.0601162965690292,0.222986156670946,-0.221811943439642,0.741975883905915,20000,9
D3S1358,AfAm,Hispanic,parent_child,0.030121416858509,0.0106443783266637,0.0847238312670429,-0.333477489622465,0.0630758623452309,20000,10
D12S391,AfAm,Hispanic,parent_child,0.00961973072119493,0.0502705121327569,0.20318589536575,-0.291447871581035,0.339488247483158,20000,11
D8S1179,AfAm,Hispanic,parent_child,0.00294606854812063,0.023947231426523,0.129518111995641,-0.307242138764268,0.306247314344478,20000,12
D6S1043,AfAm,Hispanic,parent_child,0.000584480203334681,0.0512072505786135,0.196332026410538,-0.351445801256321,0.440945888241934,20000,13
FESFPS,AfAm,Hispanic,parent_child,0.000175855543959269,0.0866637901910565,0.343582871814466,-0.228060892716642,1.30128389481293,20000,14
D16S539,AfAm,Hispanic,parent_child,0,0.0130269075303737,0.101501309285555,-0.132257363063556,0.227066068296853,20000,15
D21S11,AfAm,Hispanic,parent_child,0,0.0748057255601209,0.269504664202748,-0.316016063071773,0.560514895400704,20000,15
D22S1045,AfAm,Hispanic,parent_child,0,0.102376076542478,0.2960091923075,-0.261326751644172,0.628936370597322,20000,15
D2S1338,AfAm,Hispanic,parent_child,0,0.0723623631299033,0.267607081019729,-0.278499701803883,0.631277586412226,20000,15
F13A01,AfAm,Hispanic,parent_child,0,0.0853937340066989,0.305823324944087,-0.25695045799002,0.952829249220807,20000,15
F13B,AfAm,Hispanic,parent_child,0,0.197087610562531,0.408682901187393,-0.532601776392778,0.899583737267584,20000,15
FGA,AfAm,Hispanic,parent_child,0,0.026066221221408,0.178954130034732,-0.21763635498294,0.838885896913972,20000,15
LPL,AfAm,Hispanic,parent_child,0,0.0454985365390721,0.20822802577531,-0.204823030971436,0.487245907894906,20000,15
Penta_C,AfAm,Hispanic,parent_child,0,0.0168344082925203,0.141525010227771,-0.110421394849842,0.571279656736942,20000,15
Penta_D,AfAm,Hispanic,parent_child,0,0.168481213496783,0.452346406548267,-0.248824666888265,1.31416301093526,20000,15
Penta_E,AfAm,Hispanic,parent_child,0,0.110684718248699,0.341577317046539,-0.32384140058373,0.816609502202822,20000,15
TPOX,AfAm,Hispanic,parent_child,-0.000683548402818257,0.097127663531257,0.325360195685485,-0.120004136881241,1.02342746766041,20000,26
CSF1PO,AfAm,Hispanic,parent_child,-0.0128255778454018,0.0564495094056821,0.281816227097847,-0.103736000001212,1.1176394978668,20000,27
vWA,AfAm,Hispanic,parent_child,-0.0187462162810977,0.00656725365488129,0.0830542598400117,-0.0819328570384046,0.123648279863498,20000,28
D10S1248,AfAm,Hispanic,parent_child,-0.0472365958726209,0.0452825819580228,0.23217222007406,-0.0887722815687098,0.918067142961596,20000,29
D13S317,AfAm,Hispanic,second_cousins,0.00921645760782556,0.007411660675082,0.0187492733935029,0,0.0262704439439048,20000,1
CSF1PO,AfAm,Hispanic,second_cousins,0,0.00771813720592125,0.0659014862680814,-0.00946137119723189,0.0813350311018428,20000,2
D10S1248,AfAm,Hispanic,second_cousins,0,0.00581267979952797,0.045774595536553,-0.00872998738785654,0.0917113208912855,20000,2
D12S391,AfAm,Hispanic,second_cousins,0,0.00495369930225119,0.0273700158973737,-0.0361805533614507,0.0535673448047418,20000,2
D16S539,AfAm,Hispanic,second_cousins,0,0.00124318861931262,0.0118266065125313,-0.0122210718887139,0.014152724462298,20000,2
D18S51,AfAm,Hispanic,second_cousins,0,0.00503966610884766,0.0231235301577687,-0.0315664269890286,0.0654524843993952,20000,2
D19S433,AfAm,Hispanic,second_cousins,0,0.00614065964503349,0.0391982499573794,-0.0247322488702377,0.0698535478507323,20000,2
D1S1656,AfAm,Hispanic,second_cousins,0,0.00605128634666049,0.024293809081944,-0.0254960398313629,0.0575990309698889,20000,2
D21S11,AfAm,Hispanic,second_cousins,0,0.00784989612665032,0.0423923155678987,-0.0491882462915473,0.0701314177936451,20000,2
D22S1045,AfAm,Hispanic,second_cousins,0,0.0107947228236655,0.0409092259953992,-0.0213308526150918,0.120899728424905,20000,2
D2S1338,AfAm,Hispanic,second_cousins,0,0.00865247099158067,0.0375853757484669,-0.0256727938008312,0.132894051819101,20000,2
D2S441,AfAm,Hispanic,second_cousins,0,0.0118682871415395,0.0391241509132534,-0.00170174383747027,0.12342671450335,20000,2
D3S1358,AfAm,Hispanic,second_cousins,0,0.000750569029587051,0.00903688300471825,-0.00178626175534926,0.0103663632674804,20000,2
D5S818,AfAm,Hispanic,second_cousins,0,0.00578411604501056,0.0361137952858319,-0.022223481779677,0.0564452024055473,20000,2
D6S1043,AfAm,Hispanic,second_cousins,0,0.00440527610191307,0.0380502064316092,-0.00588500878988529,0.0636357610246112,20000,2
D7S820,AfAm,Hispanic,second_cousins,0,0.00281640004738851,0.0147523496374303,-0.0167062291802567,0.0466157197547318,20000,2
D8S1179,AfAm,Hispanic,second_cousins,0,0.00210677121859693,0.0152784624869097,-0.0114736249877025,0.02947422763051,20000,2
F13A01,AfAm,Hispanic,second_cousins,0,0.00913642552015149,0.0602044546319979,-0.0246134004431099,0.027850831264915,20000,2
F13B,AfAm,Hispanic,second_cousins,0,0.026896883222817,0.0644382437011692,-0.0367050112474075,0.210994301380351,20000,2
FESFPS,AfAm,Hispanic,second_cousins,0,0.0107413428116937,0.0754288123473566,-0.0119664858526561,0.230084121288027,20000,2
FGA,AfAm,Hispanic,second_cousins,0,0.00252430879259323,0.0372085687557594,-0.0184598328396709,0.0154352867677638,20000,2
LPL,AfAm,Hispanic,second_cousins,0,0.00536493711287884,0.0279303345370732,-0.0197538666042483,0.0917113208912855,20000,2
Penta_C,AfAm,Hispanic,second_cousins,0,0.00151972261227189,0.0228941662801852,-0.0119001687386223,0.00969675435173678,20000,2
Penta_D,AfAm,Hispanic,second_cousins,0,0.0232885787959779,0.101330537071494,-0.0318300124803932,0.237239451807824,20000,2
Penta_E,AfAm,Hispanic,second_cousins,0,0.0154603978846811,0.058676190062701,-0.0439739378202574,0.177551073814723,20000,2
SE33,AfAm,Hispanic,second_cousins,0,0.00451450934211621,0.0323096743787817,-0.0405442161456366,0.0719186272717355,20000,2
TH01,AfAm,Hispanic,second_cousins,0,0.0048607014162916,0.0172338273325493,-0.03723325968236,0.0416057904914771,20000,2
TPOX,AfAm,Hispanic,second_cousins,0,0.0118491487341104,0.0646583071135287,-0.00894453695236327,0.10659702014622,20000,2
vWA,AfAm,Hispanic,second_cousins,0,0.000672883783170261,0.0130585493019459,-0.00757195114098371,0.02070442782961,20000,2
CSF1PO,AfAm,Hispanic,unrelated,0,0,0,0,0,100000,1
D10S1248,AfAm,Hispanic,unrelated,0,0,0,0,0,100000,1
D12S391,AfAm,Hispanic,unrelated,0,0,0,0,0,100000,1
D13S317,AfAm,Hispanic,unrelated,0,0,0,0,0,100000,1
D16S539,AfAm,Hispanic,unrelated,0,0,0,0,0,100000,1
D18S51,AfAm,Hispanic,unrelated,0,0,0,0,0,100000,1
D19S433,AfAm,Hispanic,unrelated,0,0,0,0,0,100000,1
D1S1656,AfAm,Hispanic,unrelated,0,0,0,0,0,100000,1
D21S11,AfAm,Hispanic,unrelated,0,0,0,0,0,100000,1
D22S1045,AfAm,Hispanic,unrelated,0,0,0,0,0,100000,1
D2S1338,AfAm,Hispanic,unrelated,0,0,0,0,0,100000,1
D2S441,AfAm,Hispanic,unrelated,0,0,0,0,0,100000,1
D3S1358,AfAm,Hispanic,unrelated,0,0,0,0,0,100000,1
D5S818,AfAm,Hispanic,unrelated,0,0,0,0,0,100000,1
D6S1043,AfAm,Hispanic,unrelated,0,0,0,0,0,100000,1
D7S820,AfAm,Hispanic,unrelated,0,0,0,0,0,100000,1
D8S1179,AfAm,Hispanic,unrelated,0,0,0,0,0,100000,1
F13A01,AfAm,Hispanic,unrelated,0,0,0,0,0,100000,1
F13B,AfAm,Hispanic,unrelated,0,0,0,0,0,100000,1
FESFPS,AfAm,Hispanic,unrelated,0,0,0,0,0,100000,1
FGA,AfAm,Hispanic,unrelated,0,0,0,0,0,100000,1
LPL,AfAm,Hispanic,unrelated,0,0,0,0,0,100000,1
Penta_C,AfAm,Hispanic,unrelated,0,0,0,0,0,100000,1
Penta_D,AfAm,Hispanic,unrelated,0,0,0,0,0,100000,1
Penta_E,AfAm,Hispanic,unrelated,0,0,0,0,0,100000,1
SE33,AfAm,Hispanic,unrelated,0,0,0,0,0,100000,1
TH01,AfAm,Hispanic,unrelated,0,0,0,0,0,100000,1
TPOX,AfAm,Hispanic,unrelated,0,0,0,0,0,100000,1
vWA,AfAm,Hispanic,unrelated,0,0,0,0,0,100000,1
F13B,Asian,AfAm,cousins,0.0857043409461583,0.101358202899405,0.09194644794439,-0.0166984754419829,0.246932583894552,20000,1
F13A01,Asian,AfAm,cousins,0.0716254874225208,0.06031752594404,0.0748146095549967,0,0.215809713719381,20000,2
LPL,Asian,AfAm,cousins,0.0190053124810926,0.0157203287434568,0.0373565946768617,-0.0323742255243328,0.0624232130145022,20000,3
TPOX,Asian,AfAm,cousins,0.0127246562384989,0.0113486177871447,0.0333399802608464,-0.0683576872030237,0.0415680953593582,20000,4
FESFPS,Asian,AfAm,cousins,0.00396389604880597,0.0247959151008772,0.0788859015144167,-0.0774812086542224,0.18596666779148,20000,5
D22S1045,Asian,AfAm,cousins,0.00361284971489578,0.00633796567565487,0.03477214423992,0,0.030990584109323,20000,6
CSF1PO,Asian,AfAm,cousins,0,0.00565478504428356,0.0326723182055182,-0.0228946076011724,0.0978812273119654,20000,7
D10S1248,Asian,AfAm,cousins,0,0.00312235056468478,0.0187011822746365,-0.042757296207643,0.0281245583827025,20000,7
D12S391,Asian,AfAm,cousins,0,0.00864707018530266,0.0416423993594889,-0.0719361283706734,0.0923805836903236,20000,7
D13S317,Asian,AfAm,cousins,0,0.0519634599806811,0.124222165872988,-0.057955793430786,0.374800578443613,20000,7
D16S539,Asian,AfAm,cousins,0,0.00929661723716694,0.0308022971232233,-0.0333863722642524,0.0638016623963264,20000,7
D18S51,Asian,AfAm,cousins,0,0.0399883970861153,0.0930570812399367,-0.094012730410962,0.299462143846003,20000,7
D19S433,Asian,AfAm,cousins,0,0.00940027917249438,0.039708060406597,-0.0383225301373884,0.0889570035142735,20000,7
D1S1656,Asian,AfAm,cousins,0,0.0195857215269815,0.0607061553792214,-0.0785929579489533,0.173948102522243,20000,7
D21S11,Asian,AfAm,cousins,0,0.0233188809795318,0.0756902311965376,-0.00203369756911489,0.109118550216558,20000,7
D2S1338,Asian,AfAm,cousins,0,0.017023464361067,0.0570897270248725,-0.0833089410072574,0.162776022546674,20000,7
D2S441,Asian,AfAm,cousins,0,0.0178860592875695,0.0516156750392493,-0.10183952745132,0.162776022546674,20000,7
D3S1358,Asian,AfAm,cousins,0,0.00247646752441384,0.0206740208864091,-0.0033996834404729,0.0221526129304248,20000,7
D5S818,Asian,AfAm,cousins,0,0.0187750327506559,0.0640703977378048,-0.0459103234653245,0.189337651737366,20000,7
D6S1043,Asian,AfAm,cousins,0,0.0112508548276472,0.0576275524032552,-0.0458164939548175,0.116777257839701,20000,7
D7S820,Asian,AfAm,cousins,0,0.0101101940797503,0.0346037952737769,-0.0394188295539814,0.0836159996615162,20000,7
D8S1179,Asian,AfAm,cousins,0,0.0124664408173571,0.0589430432304696,-0.0375433649823092,0.224961166272733,20000,7
FGA,Asian,AfAm,cousins,0,0.00879744987261731,0.0786128548838864,-0.0601382460674966,0.0717008415180018,20000,7
Penta_C,Asian,AfAm,cousins,0,0.011694897035638,0.0370981819526795,-0.0380308451254774,0.0709819326445729,20000,7
Penta_D,Asian,AfAm,cousins,0,0.0196648267219532,0.0471423750011526,0,0.0937214647731938,20000,7
Penta_E,Asian,AfAm,cousins,0,0.0368893885284,0.125429827085021,-0.0468462039458224,0.498870912578005,20000,7
SE33,Asian,AfAm,cousins,0,0.0269065208801403,0.103529413127316,-0.0904592821533404,0.371938715745617,20000,7
TH01,Asian,AfAm,cousins,0,0.0220546471084996,0.0481358296885739,-0.0867296788937893,0.0959570555783951,20000,7
vWA,Asian,AfAm,cousins,0,0.0151159049071102,0.0428302390012491,-0.0412098628099557,0.094138262796195,20000,7
F13B,Asian,AfAm,full_siblings,0.568761236009752,0.508195434484244,0.459004137337242,-0.342760337823233,1.13816739035756,20000,1
F13A01,Asian,AfAm,full_siblings,0.387360416151405,0.346691457596492,0.376707631642985,-0.564821344385925,0.92872177592928,20000,2
Penta_D,Asian,AfAm,full_siblings,0.185891107772584,0.141850659940863,0.206839763332104,0,0.44857401945307,20000,3
D1S1656,Asian,AfAm,full_siblings,0.173205570818195,0.134890694273306,0.258635218609096,-0.489428159961915,0.621448481396544,20000,4
D21S11,Asian,AfAm,full_siblings,0.168360977693288,0.147828260223061,0.278047231340005,-0.50977017595665,0.787583383133285,20000,5
LPL,Asian,AfAm,full_siblings,0.137408075063843,0.103998804735787,0.193453196461549,-0.232403306223149,0.362546587895985,20000,6
Penta_E,Asian,AfAm,full_siblings,0.109476371987576,0.220423953913589,0.390357146193426,-0.277356861570381,1.09267284920666,20000,7
TPOX,Asian,AfAm,full_siblings,0.107438329993549,0.0809991639954755,0.165207007226181,-0.330702413612606,0.236785065621139,20000,8
vWA,Asian,AfAm,full_siblings,0.0988204874946578,0.0986161682455227,0.214779198202012,-0.214058505190103,0.454425625943735,20000,9
D2S1338,Asian,AfAm,full_siblings,0.0980464143941058,0.107089763562736,0.249118434893031,-0.402261382454681,0.6237533535599,20000,10
TH01,Asian,AfAm,full_siblings,0.0858118249466379,0.11525465872665,0.264220687923625,-0.386185925948974,0.698374218556657,20000,11
FESFPS,Asian,AfAm,full_siblings,0.0626638866626956,0.1394453875623,0.303718050133979,-0.29746437959657,0.916219342719836,20000,12
D22S1045,Asian,AfAm,full_siblings,0.0576862700621359,0.0499631625419376,0.134015136354633,0,0.18615294894188,20000,13
D19S433,Asian,AfAm,full_siblings,0.0492936554393444,0.0626535047598688,0.174061931250788,-0.466804986243688,0.394617718229566,20000,14
FGA,Asian,AfAm,full_siblings,0.0443402492076186,0.0610130561074175,0.234833095830341,-0.324862604670617,0.696906148255277,20000,15
Penta_C,Asian,AfAm,full_siblings,0.0415246817271155,0.0741527168371686,0.192175962770542,-0.341092023989526,0.502371406451072,20000,16
D18S51,Asian,AfAm,full_siblings,0.0284270663181181,0.189058631891111,0.385091279148376,-0.519923122347859,1.09968713365453,20000,17
SE33,Asian,AfAm,full_siblings,0.0261335501646216,0.156820074204654,0.341156408045842,-0.438004921739163,0.942598528275617,20000,18
D10S1248,Asian,AfAm,full_siblings,0.0135240347166623,0.0218313803698078,0.0906340764227095,-0.155007915756749,0.212748376312267,20000,19
D12S391,Asian,AfAm,full_siblings,0.0133388105278071,0.0574178095948591,0.183539640233617,-0.272931591433421,0.420966678229541,20000,20
D3S1358,Asian,AfAm,full_siblings,0.0113103119579937,0.0179923660913878,0.0903562336758203,-0.0382095713684397,0.111106109600972,20000,21
CSF1PO,Asian,AfAm,full_siblings,0.00962597183170633,0.0385437361933521,0.138554116113265,-0.154642619327,0.329764311283743,20000,22
D13S317,Asian,AfAm,full_siblings,0,0.223992250851938,0.44807349024916,-0.360537806246615,1.39777687226982,20000,23
D16S539,Asian,AfAm,full_siblings,0,0.0552034491550678,0.174984152494026,-0.223699537047967,0.459863701703428,20000,23
D2S441,Asian,AfAm,full_siblings,0,0.0953384042046142,0.251566392537562,-0.438131776048182,0.519510124997369,20000,23
D5S818,Asian,AfAm,full_siblings,0,0.105322498247131,0.273708195568103,-0.309312992604591,0.867203550019454,20000,23
D6S1043,Asian,AfAm,full_siblings,0,0.0650489573184901,0.219938977770785,-0.292462099998666,0.701275396822699,20000,23
D7S820,Asian,AfAm,full_siblings,0,0.0586964348019736,0.187434543174524,-0.344408351280217,0.442942150918693,20000,23
D8S1179,Asian,AfAm,full_siblings,0,0.0636601848212964,0.233503201733702,-0.265088201444365,0.567724570364482,20000,23
F13B,Asian,AfAm,half_siblings,0.341210456302502,0.285982431468531,0.264748541734058,-0.107553880689696,0.569083695178778,20000,1
F13A01,Asian,AfAm,half_siblings,0.29297215756345,0.19144088190795,0.21986984746314,-0.462757067354634,0.464360887964639,20000,2
LPL,Asian,AfAm,half_siblings,0.092756884831994,0.0551649988399799,0.119683951071718,-0.0968476994299431,0.181273293947993,20000,3
D1S1656,Asian,AfAm,half_siblings,0.0841792261968755,0.0685580084795976,0.164006024566129,-0.40775732162812,0.350248018334162,20000,4
Penta_D,Asian,AfAm,half_siblings,0.0673994154995181,0.0733689669653512,0.124365715687402,0,0.212725803813701,20000,5
TPOX,Asian,AfAm,half_siblings,0.0670487909186001,0.0410873456247395,0.106955174539078,-0.247132677535153,0.118392532810569,20000,6
vWA,Asian,AfAm,half_siblings,0.0602279235068175,0.0527897810051391,0.135707926291194,-0.184936666283584,0.307877645390676,20000,7
D22S1045,Asian,AfAm,half_siblings,0.0359977580524083,0.025829833079863,0.0853036480087913,0,0.106329093526572,20000,8
D19S433,Asian,AfAm,half_siblings,0.030312756178526,0.0336123478023,0.111343704946852,-0.317097818518121,0.225003548181452,20000,9
Penta_C,Asian,AfAm,half_siblings,0.024669316787459,0.0399331205568571,0.119905362632599,-0.172630726946175,0.209616827072648,20000,10
FESFPS,Asian,AfAm,half_siblings,0.0177287669604315,0.0745163027868241,0.199109420391544,-0.243186500057385,0.54287151328404,20000,11
D12S391,Asian,AfAm,half_siblings,0.00825943479494544,0.0286341541049205,0.11755603363994,-0.222986312094122,0.214141531059132,20000,12
D3S1358,Asian,AfAm,half_siblings,0.00652055925760865,0.00857376993968695,0.0601441506310722,-0.016313342364057,0.0562229242388389,20000,13
CSF1PO,Asian,AfAm,half_siblings,0,0.0199496818869337,0.0869527802654384,-0.065353046624055,0.216553680979799,20000,14
D10S1248,Asian,AfAm,half_siblings,0,0.0122471430435264,0.0536043045241819,-0.120209037287603,0.0875782996668967,20000,14
D13S317,Asian,AfAm,half_siblings,0,0.133291624463428,0.298360673163137,-0.288884252245317,0.758988091096635,20000,14
D16S539,Asian,AfAm,half_siblings,0,0.0303805021334363,0.102652361082595,-0.14548633903969,0.191147870255255,20000,14
D18S51,Asian,AfAm,half_siblings,0,0.10904721118269,0.249150624114259,-0.332438459915604,0.601278182868582,20000,14
D21S11,Asian,AfAm,half_siblings,0,0.0777749521704507,0.181854035123193,-0.428233864093105,0.700932081761145,20000,14
D2S1338,Asian,AfAm,half_siblings,0,0.0560653333152462,0.15977860821989,-0.31703784574507,0.38144907298755,20000,14
D2S441,Asian,AfAm,half_siblings,0,0.0540644348527638,0.155019710593797,-0.318887559683985,0.38144907298755,20000,14
D5S818,Asian,AfAm,half_siblings,0,0.0576522668297173,0.176174425317966,-0.162274671628794,0.392584456307372,20000,14
D6S1043,Asian,AfAm,half_siblings,0,0.0367417169790687,0.145567321638851,-0.192660360488873,0.353320905347451,20000,14
D7S820,Asian,AfAm,half_siblings,0,0.0340644687025956,0.113774285422362,-0.170827019063327,0.236912496052232,20000,14
D8S1179,Asian,AfAm,half_siblings,0,0.0350639785498048,0.153327175258925,-0.110870529175358,0.480955169110244,20000,14
FGA,Asian,AfAm,half_siblings,0,0.0310168364027794,0.157596839589898,-0.156836459762942,0.215996762376293,20000,14
Penta_E,Asian,AfAm,half_siblings,0,0.116449581700927,0.263622440964727,-0.234598848820823,0.90143237245326,20000,14
SE33,Asian,AfAm,half_siblings,0,0.0818040987726071,0.231857961656272,-0.264271057072642,0.67416341886844,20000,14
TH01,Asian,AfAm,half_siblings,0,0.0695042273672403,0.160041023742742,-0.292556940683859,0.349187109278327,20000,14
F13B,Asian,AfAm,parent_child,0.755060044022777,0.42403360701972,0.433276670731406,-0.367734838501761,0.755060044022778,20000,1
F13A01,Asian,AfAm,parent_child,0.416920603294884,0.306745936168745,0.37444410085642,-0.739052367053386,0.585458724460122,20000,2
LPL,Asian,AfAm,parent_child,0.267587427741434,0.0995214089095528,0.21054777387123,-0.145313140937,0.267587427741436,20000,3
D1S1656,Asian,AfAm,parent_child,0.24622437612591,0.127148904206507,0.261358574712187,-0.619077049976636,0.414628806515298,20000,4
Penta_D,Asian,AfAm,parent_child,0.222090696409191,0.140179057908757,0.1957919984853,0,0.271886366447047,20000,5
D21S11,Asian,AfAm,parent_child,0.195071853678529,0.139608062750742,0.279374902237155,-0.636662224777749,0.810495806564471,20000,6
D2S1338,Asian,AfAm,parent_child,0.187357716905089,0.101279602497714,0.253206828131557,-0.430469233498958,0.499829721861752,20000,7
SE33,Asian,AfAm,parent_child,0.149314363117854,0.156356675007975,0.333447030375056,-0.487507734469322,0.973223104062172,20000,8
TPOX,Asian,AfAm,parent_child,0.14786777710403,0.0793337913470795,0.179830548585348,-0.378942301584425,0.244952649062272,20000,9
Penta_E,Asian,AfAm,parent_child,0.141489025605895,0.213635193375001,0.371110261010013,-0.304003976929184,0.931678008134913,20000,10
vWA,Asian,AfAm,parent_child,0.12575833076881,0.093382519030343,0.223237933365103,-0.254377974443276,0.386675278912458,20000,11
TH01,Asian,AfAm,parent_child,0.111525802228453,0.104087234642122,0.282426632544128,-0.433722390896682,0.444326325092834,20000,12
D22S1045,Asian,AfAm,parent_child,0.0734357526203134,0.051607935197463,0.136121331003372,0,0.142683784218841,20000,13
D5S818,Asian,AfAm,parent_child,0.0674102587347547,0.0917969661470025,0.280208961676827,-0.252086177663691,0.491737043940058,20000,14
FGA,Asian,AfAm,parent_child,0.064382191845584,0.0592951781246695,0.233251430400747,-0.355835615202053,0.630648012470933,20000,15
D19S433,Asian,AfAm,parent_child,0.0623077795582705,0.0621651653314938,0.179020235165687,-0.531926874257736,0.304216323103598,20000,16
Penta_C,Asian,AfAm,parent_child,0.0538306058478282,0.0686947255964731,0.20522310992119,-0.238583707260046,0.314221455221021,20000,17
FESFPS,Asian,AfAm,parent_child,0.0421043934699841,0.12877861895743,0.300451132103084,-0.384993843943266,0.649916713687039,20000,18
D18S51,Asian,AfAm,parent_child,0.0382439726567491,0.175020875648638,0.381246589145509,-0.387244079453677,0.723345630845573,20000,19
D10S1248,Asian,AfAm,parent_child,0.0189805946228442,0.0225218923137587,0.100772791226992,-0.171686713476752,0.135526078632219,20000,20
D12S391,Asian,AfAm,parent_child,0.0167784447590307,0.054923956477813,0.186877613223066,-0.305530496890658,0.275779619687628,20000,21
D3S1358,Asian,AfAm,parent_child,0.0149778521691722,0.0181584563279825,0.0946638424579341,-0.0821617141509739,0.0742302652112732,20000,22
CSF1PO,Asian,AfAm,parent_child,0,0.0383302126006546,0.146069323498864,-0.0946771315757632,0.272553314848258,20000,23
D13S317,Asian,AfAm,parent_child,0,0.196978371206383,0.438081010736286,-0.393624176091451,0.891750061234963,20000,23
D16S539,Asian,AfAm,parent_child,0,0.0496017954356301,0.184629474744941,-0.216982364058721,0.289193449519091,20000,23
D2S441,Asian,AfAm,parent_child,0,0.0910153993661389,0.261115670541469,-0.511076735284615,0.499829721861753,20000,23
D6S1043,Asian,AfAm,parent_child,0,0.0629439971785357,0.225052176988548,-0.257225817316102,0.610847519412918,20000,23
D7S820,Asian,AfAm,parent_child,0,0.0572837195565252,0.197908053249351,-0.396130210061228,0.300582038448503,20000,23
D8S1179,Asian,AfAm,parent_child,-0.0377722802392907,0.0596707661586996,0.239373785668806,-0.168748971844911,0.605246318767578,20000,29
F13B,Asian,AfAm,second_cousins,0.043125751414108,0.0549387081232739,0.051888327596464,-0.00900806213862041,0.143467265709802,20000,1
F13A01,Asian,AfAm,second_cousins,0.0389405699713094,0.0318897248643472,0.0428531338564192,0,0.127592287041291,20000,2
LPL,Asian,AfAm,second_cousins,0.00922857350691525,0.00797506060486199,0.0197984462574595,-0.0091227657832111,0.0333700508525217,20000,3
TPOX,Asian,AfAm,second_cousins,0.00618561479758294,0.00599936150738021,0.0158031046973027,0,0.022304423192561,20000,4
FESFPS,Asian,AfAm,second_cousins,0.00194767798666199,0.0139186688351493,0.0476078890665952,-0.0373055534050744,0.105914688736572,20000,5
CSF1PO,Asian,AfAm,second_cousins,0,0.00301682845437131,0.0184861486929721,-0.00753575321691764,0.0567212362152842,20000,6
D10S1248,Asian,AfAm,second_cousins,0,0.00157675369679201,0.0125028867575125,-0.0043718356083069,0.0147687136985431,20000,6
D12S391,Asian,AfAm,second_cousins,0,0.00461913753395689,0.0227292875398063,-0.0385418906219192,0.0512474398298826,20000,6
D13S317,Asian,AfAm,second_cousins,0,0.0298148572426439,0.0740199006039456,-0.0302936193267864,0.208896389290234,20000,6
D16S539,Asian,AfAm,second_cousins,0,0.00487024042393373,0.017090006299759,-0.0139463287100653,0.0338583439914343,20000,6
D18S51,Asian,AfAm,second_cousins,0,0.0218330374944253,0.0527718909453125,-0.0512918846672053,0.195428255189672,20000,6
D19S433,Asian,AfAm,second_cousins,0,0.00488646653654226,0.0207854081090937,0,0.0494024065295119,20000,6
D1S1656,Asian,AfAm,second_cousins,0,0.0110651055630194,0.0368397593661073,-0.017003802302166,0.111961328121011,20000,6
D21S11,Asian,AfAm,second_cousins,0,0.0125435677714399,0.0490189146797557,-0.00110214369935543,0.0640487914315045,20000,6
D22S1045,Asian,AfAm,second_cousins,0,0.00321662156080114,0.0197215140730588,0,0.0173556315605086,20000,6
D2S1338,Asian,AfAm,second_cousins,0,0.00934522219487624,0.0318099903325564,-0.0455069771359383,0.0930783765360879,20000,6
D2S441,Asian,AfAm,second_cousins,0,0.00974678402888589,0.0284615615534442,-0.0473281775599049,0.0930783765360879,20000,6
D3S1358,Asian,AfAm,second_cousins,0,0.00137865740854915,0.0125780706830087,-0.00172200664842756,0.00670553124857198,20000,6
D5S818,Asian,AfAm,second_cousins,0,0.0103679740929528,0.0369852525370498,-0.0219559227589525,0.113072807745299,20000,6
D6S1043,Asian,AfAm,second_cousins,0,0.0062908150583977,0.034113577798737,-0.0236791777147131,0.0644504787949811,20000,6
D7S820,Asian,AfAm,second_cousins,0,0.0054982031621281,0.0185525445209857,-0.0202741353727792,0.0465799178011463,20000,6
D8S1179,Asian,AfAm,second_cousins,0,0.00711987822657445,0.0346827827955246,-0.0199644838024567,0.133436155371547,20000,6
FGA,Asian,AfAm,second_cousins,0,0.00577098995295805,0.0581505940748759,-0.00981243907215355,0.0410251226000965,20000,6
Penta_C,Asian,AfAm,second_cousins,0,0.00621342813687566,0.0200747888363504,-0.0194315812256536,0.0378145704406518,20000,6
Penta_D,Asian,AfAm,second_cousins,0,0.0101787498860046,0.0249637956860201,0,0.0447224004942425,20000,6
Penta_E,Asian,AfAm,second_cousins,0,0.020267516042219,0.0828542288445018,-0.0273542628667693,0.224080520617852,20000,6
SE33,Asian,AfAm,second_cousins,0,0.0157300929208107,0.0670465982036377,-0.047080675456187,0.203114088791294,20000,6
TH01,Asian,AfAm,second_cousins,0,0.0115602218157711,0.0251882791457994,-0.0278838328518841,0.0510021615433312,20000,6
vWA,Asian,AfAm,second_cousins,0,0.00839284411090931,0.022110570277163,-0.0210935445812026,0.053587976351366,20000,6
CSF1PO,Asian,AfAm,unrelated,0,0,0,0,0,100000,1
D10S1248,Asian,AfAm,unrelated,0,0,0,0,0,100000,1
D12S391,Asian,AfAm,unrelated,0,0,0,0,0,100000,1
D13S317,Asian,AfAm,unrelated,0,0,0,0,0,100000,1
D16S539,Asian,AfAm,unrelated,0,0,0,0,0,100000,1
D18S51,Asian,AfAm,unrelated,0,0,0,0,0,100000,1
D19S433,Asian,AfAm,unrelated,0,0,0,0,0,100000,1
D1S1656,Asian,AfAm,unrelated,0,0,0,0,0,100000,1
D21S11,Asian,AfAm,unrelated,0,0,0,0,0,100000,1
D22S1045,Asian,AfAm,unrelated,0,0,0,0,0,100000,1
D2S1338,Asian,AfAm,unrelated,0,0,0,0,0,100000,1
D2S441,Asian,AfAm,unrelated,0,0,0,0,0,100000,1
D3S1358,Asian,AfAm,unrelated,0,0,0,0,0,100000,1
D5S818,Asian,AfAm,unrelated,0,0,0,0,0,100000,1
D6S1043,Asian,AfAm,unrelated,0,0,0,0,0,100000,1
D7S820,Asian,AfAm,unrelated,0,0,0,0,0,100000,1
D8S1179,Asian,AfAm,unrelated,0,0,0,0,0,100000,1
F13A01,Asian,AfAm,unrelated,0,0,0,0,0,100000,1
F13B,Asian,AfAm,unrelated,0,0,0,0,0,100000,1
FESFPS,Asian,AfAm,unrelated,0,0,0,0,0,100000,1
FGA,Asian,AfAm,unrelated,0,0,0,0,0,100000,1
LPL,Asian,AfAm,unrelated,0,0,0,0,0,100000,1
Penta_C,Asian,AfAm,unrelated,0,0,0,0,0,100000,1
Penta_D,Asian,AfAm,unrelated,0,0,0,0,0,100000,1
Penta_E,Asian,AfAm,unrelated,0,0,0,0,0,100000,1
SE33,Asian,AfAm,unrelated,0,0,0,0,0,100000,1
TH01,Asian,AfAm,unrelated,0,0,0,0,0,100000,1
TPOX,Asian,AfAm,unrelated,0,0,0,0,0,100000,1
vWA,Asian,AfAm,unrelated,0,0,0,0,0,100000,1
F13B,Asian,Cauc,cousins,0.0174391333354614,0.0188369902256819,0.0350842744285289,-0.0245271539648499,0.0583563860561053,20000,1
LPL,Asian,Cauc,cousins,0.0118180592149227,0.00848879734202808,0.0309735311640342,-0.0593608587851539,0.0395427088352347,20000,2
F13A01,Asian,Cauc,cousins,0.0117370345401165,0.0529824742307576,0.0946548100699252,0,0.262237285236127,20000,3
TPOX,Asian,Cauc,cousins,0.00108799800598481,0.00128936068672866,0.0137972081086236,-0.0458360593247719,0.0138395481935254,20000,4
D2S441,Asian,Cauc,cousins,0.000820562940814238,0.0233996740354082,0.0723589151780551,-0.096241831660022,0.277020438349088,20000,5
CSF1PO,Asian,Cauc,cousins,0,0.00780658339516099,0.0675924876404539,-0.0334789467136004,0.0138841192680916,20000,6
D10S1248,Asian,Cauc,cousins,0,0.0036987587558057,0.0323883038167558,-0.0316998737943337,0.168070785140046,20000,6
D12S391,Asian,Cauc,cousins,0,0.00919706670053585,0.045439056382511,-0.0489522214499843,0.0743940164043678,20000,6
D13S317,Asian,Cauc,cousins,0,0.00997407357858948,0.0387919627916736,-0.0240732208909658,0.115935186409193,20000,6
D16S539,Asian,Cauc,cousins,0,0.0293807078065043,0.065320510883757,-0.0544289667547484,0.173533764066271,20000,6
D18S51,Asian,Cauc,cousins,0,0.0100168249894032,0.0397576509097089,-0.0859014949994826,0.0746776247884602,20000,6
D19S433,Asian,Cauc,cousins,0,0.0217403058149248,0.101572456258126,-0.024993928689718,0.271666546469225,20000,6
D1S1656,Asian,Cauc,cousins,0,0.0138227934494713,0.0485948475067026,-0.0451427353696206,0.0841315067252009,20000,6
D21S11,Asian,Cauc,cousins,0,0.0158290974503684,0.0943051143628016,-0.000667792715625032,0.124451586269052,20000,6
D22S1045,Asian,Cauc,cousins,0,0.0142331894989777,0.0550516817354711,-0.0445073740637611,0.169836062077755,20000,6
D2S1338,Asian,Cauc,cousins,0,0.008619344952386,0.035872269140393,-0.118097667225629,0.0695720654205697,20000,6
D3S1358,Asian,Cauc,cousins,0,0.00605691889332916,0.0261790360945822,-0.0051658406407408,0.0287693666821629,20000,6
D5S818,Asian,Cauc,cousins,0,0.0220916631224198,0.0723009892008048,-0.038827088187097,0.240795691462375,20000,6
D6S1043,Asian,Cauc,cousins,0,0.0136406043947198,0.050490833028114,-0.0488165404805381,0.130846200514687,20000,6
D7S820,Asian,Cauc,cousins,0,0.00754810798885101,0.0275764175691781,-0.00640598940957556,0.0492889814580721,20000,6
D8S1179,Asian,Cauc,cousins,0,0.00840490567336549,0.0517881583464857,-0.0468603254040023,0.175468614530529,20000,6
FESFPS,Asian,Cauc,cousins,0,0.0246036342393288,0.0924263045846773,-0.0874647295231982,0.190138385993739,20000,6
FGA,Asian,Cauc,cousins,0,0.00351812593469959,0.0318282745963048,-0.0500421535212443,0.0377885608893988,20000,6
Penta_C,Asian,Cauc,cousins,0,0.0243229093581668,0.0976778321414169,-0.0279695191175815,0.144511100623968,20000,6
Penta_D,Asian,Cauc,cousins,0,0.0079982785333599,0.0331591227017542,-0.0567166821472634,0.0534078780390913,20000,6
Penta_E,Asian,Cauc,cousins,0,0.0277039042951938,0.113777301349507,-0.0698862322229439,0.234083206033368,20000,6
SE33,Asian,Cauc,cousins,0,0.00976963258587251,0.0529123797639565,-0.0230400917682064,0.157439623405005,20000,6
TH01,Asian,Cauc,cousins,0,0.038448652156298,0.0639196513449331,-0.0367177525486892,0.139149111378854,20000,6
vWA,Asian,Cauc,cousins,0,0.0069557839930787,0.034154610581964,-0.0281182715850815,0.0686672995437416,20000,6
F13B,Asian,Cauc,full_siblings,0.178394866687079,0.120052112640311,0.217428503469308,-0.572088769226189,0.3570873602171,20000,1
D1S1656,Asian,Cauc,full_siblings,0.128112308501049,0.0909252433183637,0.21760428820223,-0.37113517673858,0.493870713324182,20000,2
TH01,Asian,Cauc,full_siblings,0.114447466677896,0.205739455637271,0.325945699473026,-0.573262994940226,0.920506658864734,20000,3
D12S391,Asian,Cauc,full_siblings,0.107044704923055,0.06501001767593,0.191623604639982,-0.394758349885847,0.359475728114539,20000,4
F13A01,Asian,Cauc,full_siblings,0.103984178629372,0.282623123338197,0.388665779744324,-0.40453556170399,1.19184184422729,20000,5
Penta_D,Asian,Cauc,full_siblings,0.0993904886999444,0.0509527523631561,0.163479046784316,-0.326831594348441,0.311290438022686,20000,6
LPL,Asian,Cauc,full_siblings,0.0897314283809327,0.0543418638814774,0.158324653844026,-0.320635278533258,0.240779868402735,20000,7
D3S1358,Asian,Cauc,full_siblings,0.0781170397691979,0.0425883352745377,0.140498457601343,-0.331221686941025,0.220738679818053,20000,8
D21S11,Asian,Cauc,full_siblings,0.0417723783455768,0.0945562052184072,0.292439965285959,-0.387709901188688,1.03484075727354,20000,9
D2S1338,Asian,Cauc,full_siblings,0.0398850557358349,0.0577046091278961,0.179086546270418,-0.424530669759963,0.385646065725366,20000,10
Penta_E,Asian,Cauc,full_siblings,0.0396502776779691,0.17176980143895,0.3592358623005,-0.291822904128952,1.3135490428117,20000,11
FGA,Asian,Cauc,full_siblings,0.0361211965190149,0.0232096992614844,0.123444635692801,-0.20998317342102,0.223149550100637,20000,12
SE33,Asian,Cauc,full_siblings,0.0327925133963072,0.0653384697950594,0.188177644605274,-0.279372454519678,0.467786690992085,20000,13
D18S51,Asian,Cauc,full_siblings,0.0184343633494412,0.0622341811352594,0.189825015615102,-0.439345425445172,0.418117514928285,20000,14
vWA,Asian,Cauc,full_siblings,0.0147625133046803,0.0448188280255534,0.159951442663738,-0.136377414284886,0.310801749058445,20000,15
TPOX,Asian,Cauc,full_siblings,0.0113327195487869,0.00917175902377508,0.0642076172779371,-0.171262734534347,0.104596353363484,20000,16
D7S820,Asian,Cauc,full_siblings,0.00883965039048784,0.0465504936904424,0.156587055936866,-0.470801687903045,0.366930317220302,20000,17
D2S441,Asian,Cauc,full_siblings,0.00652767482651982,0.111575802959533,0.294992963684422,-0.387272476623027,0.669462006975975,20000,18
CSF1PO,Asian,Cauc,full_siblings,0,0.0381196207343046,0.209687922173648,-0.149883248703232,0.678960613788565,20000,19
D10S1248,Asian,Cauc,full_siblings,0,0.0200166870103188,0.127179869327459,-0.119114500889912,0.41659490281128,20000,19
D13S317,Asian,Cauc,full_siblings,0,0.057544044707264,0.184122951091588,-0.267950345409675,0.456071519410504,20000,19
D16S539,Asian,Cauc,full_siblings,0,0.147692979887654,0.321612654393141,-0.365473031398561,0.869898792778019,20000,19
D19S433,Asian,Cauc,full_siblings,0,0.113212838717447,0.331946557776605,-0.365997378333079,1.10539626113747,20000,19
D22S1045,Asian,Cauc,full_siblings,0,0.0749481116293936,0.234883400103191,-0.349805642696342,0.557971490673831,20000,19
D5S818,Asian,Cauc,full_siblings,0,0.11463824725004,0.300062468735016,-0.285918052218413,0.890046229040897,20000,19
D6S1043,Asian,Cauc,full_siblings,0,0.0779755010683285,0.230994712540831,-0.264061960990324,0.587627696342256,20000,19
D8S1179,Asian,Cauc,full_siblings,0,0.0430068943259549,0.185467913199485,-0.263684680631739,0.487161854286116,20000,19
FESFPS,Asian,Cauc,full_siblings,0,0.128916098708792,0.332985313519888,-0.413941033312465,1.12129985585718,20000,19
Penta_C,Asian,Cauc,full_siblings,0,0.134840433159791,0.326063483401151,-0.20459546110579,1.03278354027712,20000,19
F13B,Asian,Cauc,half_siblings,0.0878587498282691,0.064812797526056,0.128298203611002,-0.403750898557114,0.17854368010855,20000,1
F13A01,Asian,Cauc,half_siblings,0.0804823103221703,0.158205979366145,0.243546584894699,-0.342874130428244,0.575978825844376,20000,2
TH01,Asian,Cauc,half_siblings,0.0735372800548907,0.119919072574749,0.197342615460136,-0.104575578266088,0.460253329432367,20000,3
LPL,Asian,Cauc,half_siblings,0.0594999287784016,0.0299264997413639,0.0959945300990632,-0.203652754934622,0.120389934201368,20000,4
D3S1358,Asian,Cauc,half_siblings,0.0563411732385326,0.022200077726752,0.0875420061581634,-0.250709693345752,0.0968617600067861,20000,5
TPOX,Asian,Cauc,half_siblings,0.00840233711446135,0.00472625833155492,0.04073804811568,-0.133861052712236,0.0430825764397988,20000,6
D7S820,Asian,Cauc,half_siblings,0.00546274824307658,0.026501794400456,0.0915690866827324,-0.114511960145158,0.151481035434129,20000,7
vWA,Asian,Cauc,half_siblings,0.0046470504567938,0.0246805655580138,0.104183823515709,-0.119275406398422,0.254818794434151,20000,8
D2S441,Asian,Cauc,half_siblings,0.00368213277719964,0.0656540689765828,0.194165299388559,-0.296372740742857,0.545352668728011,20000,9
D2S1338,Asian,Cauc,half_siblings,0.00350295883555596,0.0303586380848089,0.11267774780568,-0.353351294825692,0.186828090523865,20000,10
CSF1PO,Asian,Cauc,half_siblings,0,0.0219224149787987,0.147334801774174,-0.101657525791956,0.604963216543056,20000,11
D10S1248,Asian,Cauc,half_siblings,0,0.0100296065026565,0.0823706720000638,-0.0911262692770483,0.361044198930138,20000,11
D12S391,Asian,Cauc,half_siblings,0,0.0329474764584879,0.123644379286953,-0.197411705486393,0.1907984305977,20000,11
D13S317,Asian,Cauc,half_siblings,0,0.0321435467695043,0.119482469906246,-0.209269503725604,0.265287803650043,20000,11
D16S539,Asian,Cauc,half_siblings,0,0.0849389029758847,0.19670478098114,-0.172440909730491,0.386002464385392,20000,11
D18S51,Asian,Cauc,half_siblings,0,0.0336940747381725,0.119994142670499,-0.33260213382537,0.184056997274238,20000,11
D19S433,Asian,Cauc,half_siblings,0,0.0644822038166017,0.226583319574107,-0.28804446650463,0.530457602755761,20000,11
D1S1656,Asian,Cauc,half_siblings,0,0.0478415200254176,0.136983750149614,-0.307278944940983,0.232730953157783,20000,11
D21S11,Asian,Cauc,half_siblings,0,0.0503907274002893,0.205071242491765,-0.323264635706662,0.930812098596793,20000,11
D22S1045,Asian,Cauc,half_siblings,0,0.0434386731518928,0.149749029502226,-0.142536085899059,0.372994756790471,20000,11
D5S818,Asian,Cauc,half_siblings,0,0.0650850453545622,0.19380880260277,-0.174960577651845,0.495317945123027,20000,11
D6S1043,Asian,Cauc,half_siblings,0,0.0437638910010822,0.146667246552706,-0.207928528901649,0.374401915055925,20000,11
D8S1179,Asian,Cauc,half_siblings,0,0.0253351966538674,0.120647360990202,-0.141624436010917,0.362932930431957,20000,11
FESFPS,Asian,Cauc,half_siblings,0,0.0706219247839094,0.220984147577213,-0.292282963488247,0.55137420130799,20000,11
FGA,Asian,Cauc,half_siblings,0,0.0110249182711247,0.0765442414160361,-0.154589632771555,0.0969676461422266,20000,11
Penta_C,Asian,Cauc,half_siblings,0,0.0737461102492297,0.219655707536764,-0.121478204498794,0.989004615698536,20000,11
Penta_D,Asian,Cauc,half_siblings,0,0.0278684318357274,0.101023670703128,-0.178419201240214,0.160755737538748,20000,11
Penta_E,Asian,Cauc,half_siblings,0,0.0907252952099534,0.240431830766054,-0.21469693115866,0.842133561050516,20000,11
SE33,Asian,Cauc,half_siblings,0,0.0340612206028725,0.129575471736128,-0.166605069269067,0.386668443450677,20000,11
F13B,Asian,Cauc,parent_child,0.274317492117389,0.113101108392869,0.238906986504465,-0.725442025230158,0.274317492117391,20000,1
Penta_E,Asian,Cauc,parent_child,0.230787405945062,0.163660582896514,0.345648640648268,-0.332354519352531,0.931678008134913,20000,2
LPL,Asian,Cauc,parent_child,0.183345641300683,0.0520237236989042,0.175188621973669,-0.348570063590722,0.183345641300685,20000,3
D1S1656,Asian,Cauc,parent_child,0.170573998973417,0.0877040331568152,0.222006351100798,-0.399301308983143,0.304467578234644,20000,4
Penta_D,Asian,Cauc,parent_child,0.151945319994255,0.0490266052180815,0.169746134613343,-0.280522881079661,0.207959876030627,20000,5
D12S391,Asian,Cauc,parent_child,0.147971875242345,0.0603016436075062,0.200010989695985,-0.429264532360587,0.247429077264281,20000,6
F13A01,Asian,Cauc,parent_child,0.147058532146718,0.260601868878891,0.373549789115689,-0.496211321991199,0.686128886341483,20000,7
TH01,Asian,Cauc,parent_child,0.140610775595976,0.190302493034789,0.332209468453377,-0.922373892464379,0.570735467639414,20000,8
D3S1358,Asian,Cauc,parent_child,0.127527590196895,0.0418197599812115,0.150840709810642,-0.352747677994375,0.141386994715752,20000,9
D8S1179,Asian,Cauc,parent_child,0.081714989620042,0.0416296161737816,0.191977650758812,-0.214776882390598,0.445796731031114,20000,10
D6S1043,Asian,Cauc,parent_child,0.0734108268314623,0.0709680723880258,0.24172057567799,-0.297280307810822,0.461590998214346,20000,11
D21S11,Asian,Cauc,parent_child,0.0672852741974003,0.0903918374921456,0.291098479798362,-0.448569687555975,1.01006816146968,20000,12
D2S1338,Asian,Cauc,parent_child,0.0495973839353763,0.0543276061470917,0.187208077477527,-0.514976645567171,0.261432946009442,20000,13
FGA,Asian,Cauc,parent_child,0.0463617312721235,0.021968692160813,0.130131897665147,-0.238824246995853,0.13140277380915,20000,14
SE33,Asian,Cauc,parent_child,0.0392565505971593,0.0651092330458064,0.19143330036202,-0.304325795752287,0.445796731031113,20000,15
D18S51,Asian,Cauc,parent_child,0.0248984005502932,0.0601178940333716,0.198173138303898,-0.497980344730047,0.246721565054744,20000,16
vWA,Asian,Cauc,parent_child,0.0178934989816309,0.0423670617450449,0.167550157659389,-0.159268770436575,0.324444261555398,20000,17
TPOX,Asian,Cauc,parent_child,0.0174021229361114,0.00963775063151531,0.0690502342583666,-0.188932377050216,0.0665389353268299,20000,18
D10S1248,Asian,Cauc,parent_child,0.0167741826870283,0.0172038948828822,0.127343996581293,-0.132782164447327,0.439456553000093,20000,19
D7S820,Asian,Cauc,parent_child,0.0111339153343357,0.0490057614884055,0.161724176004849,-0.557807393237713,0.232982664950692,20000,20
D2S441,Asian,Cauc,parent_child,0.00879269951943365,0.108682637818265,0.301971250459266,-0.465693797987262,0.66250584099506,20000,21
CSF1PO,Asian,Cauc,parent_child,0,0.0362001392823959,0.213016246061187,-0.154320105010847,0.68467881994625,20000,22
D13S317,Asian,Cauc,parent_child,0,0.0531114976698226,0.19116081186447,-0.312151133264242,0.340286546261141,20000,22
D16S539,Asian,Cauc,parent_child,0,0.128556293583821,0.328792232606735,-0.253811472511456,0.52309383320419,20000,22
D19S433,Asian,Cauc,parent_child,0,0.109478206729927,0.332980831422787,-0.403161729796383,0.641316541925123,20000,22
D22S1045,Asian,Cauc,parent_child,0,0.0726411505799128,0.239625936440021,-0.226720937939619,0.47181016339603,20000,22
D5S818,Asian,Cauc,parent_child,0,0.0985935268431145,0.305741885117305,-0.274362572374845,0.612128152797637,20000,22
FESFPS,Asian,Cauc,parent_child,0,0.115421459188646,0.330969704901655,-0.48362219468318,0.806739271526612,20000,22
Penta_C,Asian,Cauc,parent_child,0,0.125592480843551,0.331449077155752,-0.163950088963142,1.08261882861829,20000,22
F13B,Asian,Cauc,second_cousins,0.00843274459664072,0.00954903756936808,0.0193055989630321,-0.0131763032410095,0.0308090279792156,20000,1
F13A01,Asian,Cauc,second_cousins,0.00572294194720413,0.0279039698500617,0.054852557605412,0,0.158185265207706,20000,2
LPL,Asian,Cauc,second_cousins,0.00571416902898111,0.00417998311766491,0.0165032847125139,-0.0305916640877784,0.0208796559311332,20000,3
TPOX,Asian,Cauc,second_cousins,0.000525248704261277,0.000680736218372395,0.00713791488785007,0,0.0072655243662458,20000,4
CSF1PO,Asian,Cauc,second_cousins,0,0.00495535790819809,0.0460738916766283,-0.0114758306104828,0.0049916683750733,20000,5
D10S1248,Asian,Cauc,second_cousins,0,0.00164836909608828,0.0174817885494644,-0.0154701611262843,0.00510066569763924,20000,5
D12S391,Asian,Cauc,second_cousins,0,0.0053295222677899,0.0220789830768536,-0.0265498891800274,0.0359006551267434,20000,5
D13S317,Asian,Cauc,second_cousins,0,0.00522770913923806,0.0232532063592623,-0.0128173227223677,0.0665119791023495,20000,5
D16S539,Asian,Cauc,second_cousins,0,0.0160055607249645,0.0357789617604003,-0.0261914131774028,0.101395354843992,20000,5
D18S51,Asian,Cauc,second_cousins,0,0.00542238743878182,0.023428933833792,-0.0110505858323006,0.0417507208146455,20000,5
D19S433,Asian,Cauc,second_cousins,0,0.0128176206674448,0.0672959208308396,-0.00760129132160544,0.167366451195361,20000,5
D1S1656,Asian,Cauc,second_cousins,0,0.00765604256038995,0.026469903313988,-0.0243319717043428,0.0462462300487241,20000,5
D21S11,Asian,Cauc,second_cousins,0,0.00976123252955598,0.0651775667746625,-0.000362164804626267,0.0615773424251698,20000,5
D22S1045,Asian,Cauc,second_cousins,0,0.00777494939216166,0.031192143032203,-0.0232432721406225,0.099227685549954,20000,5
D2S1338,Asian,Cauc,second_cousins,0,0.00477133782895966,0.0191162235242426,0,0.0395412651266536,20000,5
D2S441,Asian,Cauc,second_cousins,0,0.0127035563585561,0.0409041957170816,-0.0198725891722911,0.0996868259612303,20000,5
D3S1358,Asian,Cauc,second_cousins,0,0.00318779267629435,0.0137669257924274,-0.00279495436782905,0.0150715642759832,20000,5
D5S818,Asian,Cauc,second_cousins,0,0.0123547184248874,0.041756009173774,-0.0202589037846913,0.145020193326698,20000,5
D6S1043,Asian,Cauc,second_cousins,0,0.00727987964858105,0.0285594298610609,-0.0251875596635373,0.0697690081424604,20000,5
D7S820,Asian,Cauc,second_cousins,0,0.0038851715904829,0.0149501892455324,-0.00335556140971427,0.0259820287395352,20000,5
D8S1179,Asian,Cauc,second_cousins,0,0.00434095247978802,0.0295363952430962,-0.0247936808664021,0.104747525009658,20000,5
FESFPS,Asian,Cauc,second_cousins,0,0.0138656931307988,0.0591839455510424,-0.00840062467589994,0.107527495772772,20000,5
FGA,Asian,Cauc,second_cousins,0,0.00213133052338202,0.0219221397059348,-0.0263494674019812,0.0208465986684713,20000,5
Penta_C,Asian,Cauc,second_cousins,0,0.0147601722203162,0.0664000870550019,-0.0143717824562514,0.0854603431001943,20000,5
Penta_D,Asian,Cauc,second_cousins,0,0.00393914193933238,0.0201705010923562,-0.0297551582983803,0.0284489013240453,20000,5
Penta_E,Asian,Cauc,second_cousins,0,0.0154709532618395,0.0795536003014877,-0.0368907781998523,0.137613159283292,20000,5
SE33,Asian,Cauc,second_cousins,0,0.00594393476527143,0.0317240026452539,-0.0132109327953304,0.100661779112642,20000,5
TH01,Asian,Cauc,second_cousins,0,0.020179349979773,0.0341537949599077,-0.0202144827844966,0.0756706121895092,20000,5
vWA,Asian,Cauc,second_cousins,0,0.00398484042182886,0.0177452536856236,-0.0144984208978502,0.0366484634425493,20000,5
CSF1PO,Asian,Cauc,unrelated,0,0,0,0,0,100000,1
D10S1248,Asian,Cauc,unrelated,0,0,0,0,0,100000,1
D12S391,Asian,Cauc,unrelated,0,0,0,0,0,100000,1
D13S317,Asian,Cauc,unrelated,0,0,0,0,0,100000,1
D16S539,Asian,Cauc,unrelated,0,0,0,0,0,100000,1
D18S51,Asian,Cauc,unrelated,0,0,0,0,0,100000,1
D19S433,Asian,Cauc,unrelated,0,0,0,0,0,100000,1
D1S1656,Asian,Cauc,unrelated,0,0,0,0,0,100000,1
D21S11,Asian,Cauc,unrelated,0,0,0,0,0,100000,1
D22S1045,Asian,Cauc,unrelated,0,0,0,0,0,100000,1
D2S1338,Asian,Cauc,unrelated,0,0,0,0,0,100000,1
D2S441,Asian,Cauc,unrelated,0,0,0,0,0,100000,1
D3S1358,Asian,Cauc,unrelated,0,0,0,0,0,100000,1
D5S818,Asian,Cauc,unrelated,0,0,0,0,0,100000,1
D6S1043,Asian,Cauc,unrelated,0,0,0,0,0,100000,1
D7S820,Asian,Cauc,unrelated,0,0,0,0,0,100000,1
D8S1179,Asian,Cauc,unrelated,0,0,0,0,0,100000,1
F13A01,Asian,Cauc,unrelated,0,0,0,0,0,100000,1
F13B,Asian,Cauc,unrelated,0,0,0,0,0,100000,1
FESFPS,Asian,Cauc,unrelated,0,0,0,0,0,100000,1
FGA,Asian,Cauc,unrelated,0,0,0,0,0,100000,1
LPL,Asian,Cauc,unrelated,0,0,0,0,0,100000,1
Penta_C,Asian,Cauc,unrelated,0,0,0,0,0,100000,1
Penta_D,Asian,Cauc,unrelated,0,0,0,0,0,100000,1
Penta_E,Asian,Cauc,unrelated,0,0,0,0,0,100000,1
SE33,Asian,Cauc,unrelated,0,0,0,0,0,100000,1
TH01,Asian,Cauc,unrelated,0,0,0,0,0,100000,1
TPOX,Asian,Cauc,unrelated,0,0,0,0,0,100000,1
vWA,Asian,Cauc,unrelated,0,0,0,0,0,100000,1
F13A01,Asian,Hispanic,cousins,0.0348510262443874,0.0354165622472667,0.0520420114409738,0,0.156827215558937,20000,1
F13B,Asian,Hispanic,cousins,0.0133109317489337,0.0141749974162682,0.0330184123703576,-0.0179840381339442,0.0450289231426585,20000,2
LPL,Asian,Hispanic,cousins,0.0075490838185216,0.00492639925711063,0.026067827083487,-0.0427223236262323,0.025547995220729,20000,3
D3S1358,Asian,Hispanic,cousins,0.00523748239517835,0.0028355873778589,0.0232109218762102,0,0.0136675297283139,20000,4
TPOX,Asian,Hispanic,cousins,0.00334937898421476,0.00187858320988115,0.0181436148341909,-0.0153981314684356,0.0130242044650398,20000,5
CSF1PO,Asian,Hispanic,cousins,0,0.00415339091899753,0.0376912328344133,-0.0250434089768986,0.0843208857000354,20000,6
D10S1248,Asian,Hispanic,cousins,0,0.00296130015446226,0.023339993778295,-0.0251168895825553,0.113596729465543,20000,6
D12S391,Asian,Hispanic,cousins,0,0.0044544657492923,0.0335490777361281,-0.0240614135902935,0.0421622488760663,20000,6
D13S317,Asian,Hispanic,cousins,0,0.00688010230644608,0.0293319929868124,-0.0151169136638898,0.059211277342242,20000,6
D16S539,Asian,Hispanic,cousins,0,0.0137387615774148,0.0398759949913751,-0.034444227973068,0.0997325842556111,20000,6
D18S51,Asian,Hispanic,cousins,0,0.00803031120212796,0.0350801374934907,-0.0763883458634535,0.0751795675079474,20000,6
D19S433,Asian,Hispanic,cousins,0,0.00979580066480166,0.048530985698822,-0.0939165335924062,0.157835962357592,20000,6
D1S1656,Asian,Hispanic,cousins,0,0.0114050556806553,0.0454811378906106,-0.0818293366635165,0.0908801212873602,20000,6
D21S11,Asian,Hispanic,cousins,0,0.00826373577539734,0.0525714239191168,-0.0184984516668131,0.0645754954168138,20000,6
D22S1045,Asian,Hispanic,cousins,0,0.0190925707498228,0.0625008041544734,-0.0381591609503398,0.193574294984756,20000,6
D2S1338,Asian,Hispanic,cousins,0,0.00663551070509328,0.0344679720041179,-0.084892731806056,0.0634965266675178,20000,6
D2S441,Asian,Hispanic,cousins,0,0.0281566819062374,0.0893570509593081,-0.0774707496186725,0.350851964678853,20000,6
D5S818,Asian,Hispanic,cousins,0,0.0198088061588348,0.0631655950856711,-0.0461416520027107,0.233022819162843,20000,6
D6S1043,Asian,Hispanic,cousins,0,0.00839909754815263,0.0558077211862854,-0.0405600718479133,0.0641667782441168,20000,6
D7S820,Asian,Hispanic,cousins,0,0.00202866822824269,0.0154227720454089,-0.0135963693007238,0.0189123023777833,20000,6
D8S1179,Asian,Hispanic,cousins,0,0.00854938756020079,0.0471483777191819,-0.0275897288095529,0.185690677800584,20000,6
FESFPS,Asian,Hispanic,cousins,0,0.0115936063488308,0.0421163795852383,-0.0711670679410227,0.103033457598188,20000,6
FGA,Asian,Hispanic,cousins,0,0.00774591705819554,0.0414089275268919,-0.0603274399201517,0.0726175107416529,20000,6
Penta_C,Asian,Hispanic,cousins,0,0.0069328074743583,0.030671083523641,-0.0277351725038145,0.0687783930795211,20000,6
Penta_D,Asian,Hispanic,cousins,0,0.00492873257700685,0.0332449596654824,-0.0333695482934582,0.0231940182101873,20000,6
Penta_E,Asian,Hispanic,cousins,0,0.0198365097207328,0.0880779942980243,-0.0583832193167745,0.158131545808551,20000,6
SE33,Asian,Hispanic,cousins,0,0.0151758130417768,0.0691775267403147,-0.0759909376211489,0.205607293979092,20000,6
TH01,Asian,Hispanic,cousins,0,0.0249774770742184,0.0522643238185725,-0.0320150260101531,0.107901075143516,20000,6
vWA,Asian,Hispanic,cousins,0,0.0141054306077208,0.0443076543761294,-0.0477407299689133,0.12085787661113,20000,6
F13A01,Asian,Hispanic,full_siblings,0.280915452356251,0.221108848950354,0.284887381548877,-0.406159235526874,0.720700540187289,20000,1
F13B,Asian,Hispanic,full_siblings,0.141725488296725,0.0926531948177061,0.193052368168104,-0.505001017769002,0.283696991633592,20000,2
LPL,Asian,Hispanic,full_siblings,0.0713562998566263,0.0332476945295337,0.122515604909318,-0.195043320242363,0.160565045929357,20000,3
vWA,Asian,Hispanic,full_siblings,0.068757422307557,0.0871756206320359,0.217424526492661,-0.257660683724645,0.415436940896394,20000,4
D6S1043,Asian,Hispanic,full_siblings,0.0516471631408323,0.0508495748698393,0.181552176016649,-0.18990471976417,0.534719999807074,20000,5
D1S1656,Asian,Hispanic,full_siblings,0.0489049403233657,0.0749272016786724,0.200737478174796,-0.253238048603227,0.510006016106905,20000,6
Penta_D,Asian,Hispanic,full_siblings,0.048721969524417,0.0368594350278828,0.134183665486515,-0.131110414725055,0.176595300705477,20000,7
D3S1358,Asian,Hispanic,full_siblings,0.0413280505212632,0.0205688150543744,0.103548107377516,-0.241179117112227,0.110046550871877,20000,8
D18S51,Asian,Hispanic,full_siblings,0.0411932387795655,0.0518014460131378,0.168425627830281,-0.418582368757471,0.34367366876817,20000,9
Penta_E,Asian,Hispanic,full_siblings,0.0365252264089044,0.124234584550849,0.296747849183019,-0.240395247789994,1.02381981807152,20000,10
TPOX,Asian,Hispanic,full_siblings,0.0340671461718784,0.0135925596684047,0.0852364160987782,-0.306414575845449,0.0777349394988264,20000,11
D7S820,Asian,Hispanic,full_siblings,0.0233484830651634,0.0114910412959898,0.0845751844735327,-0.258927608131435,0.154507275741756,20000,12
D21S11,Asian,Hispanic,full_siblings,0.0181260334943547,0.0539107208273122,0.188906692312709,-0.392246721695952,0.552786307336253,20000,13
FGA,Asian,Hispanic,full_siblings,0.0173952785828682,0.0480144135410357,0.173722776456928,-0.273838098283677,0.400849900561025,20000,14
SE33,Asian,Hispanic,full_siblings,0.00260262414485368,0.0942117409400367,0.248023680614046,-0.356419571054617,0.62979660964997,20000,15
CSF1PO,Asian,Hispanic,full_siblings,0,0.0217940205780735,0.135764238002633,-0.14321296321357,0.440485608491183,20000,16
D10S1248,Asian,Hispanic,full_siblings,0,0.0169894973303069,0.103912296507434,-0.10448214038119,0.29710157318396,20000,16
D12S391,Asian,Hispanic,full_siblings,0,0.0330774515209618,0.131245106075411,-0.321038183095128,0.278399194507159,20000,16
D13S317,Asian,Hispanic,full_siblings,0,0.0440992140854212,0.145053903807012,-0.234635041535697,0.317178568968235,20000,16
D16S539,Asian,Hispanic,full_siblings,0,0.0734314488601276,0.218206902655646,-0.270688491523168,0.660263364744038,20000,16
D19S433,Asian,Hispanic,full_siblings,0,0.0548862277258496,0.202978609909285,-0.314547553857306,0.48370917694958,20000,16
D22S1045,Asian,Hispanic,full_siblings,0,0.095903546561223,0.268681301918179,-0.292937584897762,0.773518929799672,20000,16
D2S1338,Asian,Hispanic,full_siblings,0,0.0430673234737795,0.162184377463742,-0.395433974702264,0.381083883134256,20000,16
D2S441,Asian,Hispanic,full_siblings,0,0.117963299123362,0.33345931605216,-0.349660236653289,0.745494793016439,20000,16
D5S818,Asian,Hispanic,full_siblings,0,0.102598852145619,0.278664991772055,-0.27274498388579,0.776479728031161,20000,16
D8S1179,Asian,Hispanic,full_siblings,0,0.0429401843234146,0.185186032545625,-0.195499705616833,0.440317788411008,20000,16
FESFPS,Asian,Hispanic,full_siblings,0,0.0658619985358852,0.203931951483666,-0.298986253153996,0.484234746819269,20000,16
Penta_C,Asian,Hispanic,full_siblings,0,0.046663845666435,0.151297292825416,-0.149165788655773,0.317759712666583,20000,16
TH01,Asian,Hispanic,full_siblings,0,0.13052249364803,0.278455690179798,-0.600736838580085,0.763377188541325,20000,16
F13A01,Asian,Hispanic,half_siblings,0.124708280523348,0.120684496714879,0.165251977822115,-0.344142661216478,0.360350270093643,20000,1
F13B,Asian,Hispanic,half_siblings,0.068306379893375,0.0494067785195434,0.116469874269122,-0.364007489977067,0.141848495816795,20000,2
LPL,Asian,Hispanic,half_siblings,0.0387517856734871,0.0174029773125627,0.0784610720904987,-0.139370198454434,0.0802825229646795,20000,3
vWA,Asian,Hispanic,half_siblings,0.0331938328290559,0.0478815198300576,0.137693656267081,-0.22096099530106,0.307416794325383,20000,4
Penta_D,Asian,Hispanic,half_siblings,0.031874672306839,0.0193904956498604,0.0877470077706072,-0.0988255745836173,0.0725933236790519,20000,5
D3S1358,Asian,Hispanic,half_siblings,0.0234106196491335,0.0103514785494781,0.0670604619764809,-0.192847089217367,0.0446279854197041,20000,6
TPOX,Asian,Hispanic,half_siblings,0.0168713739549027,0.00728424552796989,0.054039771648443,-0.170753975255212,0.0406228867612765,20000,7
D18S51,Asian,Hispanic,half_siblings,0.00877392430750518,0.0277587795362607,0.106058445944756,-0.336115277789704,0.185153826993028,20000,8
CSF1PO,Asian,Hispanic,half_siblings,0,0.0119325438099245,0.0910687377099511,-0.0744916223885268,0.394265261672444,20000,9
D10S1248,Asian,Hispanic,half_siblings,0,0.00895819476173194,0.0644787154265705,-0.0805815724863368,0.253056712123747,20000,9
D12S391,Asian,Hispanic,half_siblings,0,0.0162097578986368,0.0873143107388972,-0.0889410833367805,0.118179152961005,20000,9
D13S317,Asian,Hispanic,half_siblings,0,0.023144619859905,0.0941964533019448,-0.206785003180477,0.223623634268237,20000,9
D16S539,Asian,Hispanic,half_siblings,0,0.0417968633527524,0.130732862329427,-0.120374547640489,0.279204010112482,20000,9
D19S433,Asian,Hispanic,half_siblings,0,0.0315100538428211,0.131603645500423,-0.248682714603656,0.343605827438467,20000,9
D1S1656,Asian,Hispanic,half_siblings,0,0.0390972474831762,0.12755482702828,-0.22455464299228,0.267606240177032,20000,9
D21S11,Asian,Hispanic,half_siblings,0,0.0279402204496948,0.128388135822616,-0.187738194292135,0.464156277555295,20000,9
D22S1045,Asian,Hispanic,half_siblings,0,0.0570040441743623,0.171490716687164,-0.120106007762919,0.405286080567687,20000,9
D2S1338,Asian,Hispanic,half_siblings,0,0.0218528876254235,0.102214271768082,-0.286925592410124,0.189846581264201,20000,9
D2S441,Asian,Hispanic,half_siblings,0,0.073037239453674,0.224417056513601,-0.259773006329983,0.65290608994135,20000,9
D5S818,Asian,Hispanic,half_siblings,0,0.0584194605536656,0.179220312810963,-0.141085372558857,0.482825548161577,20000,9
D6S1043,Asian,Hispanic,half_siblings,0,0.0265774593941883,0.12538484067771,-0.134460039210026,0.13773929497195,20000,9
D7S820,Asian,Hispanic,half_siblings,0,0.0070632631956942,0.0505744562306994,-0.129498930568477,0.0624197370886552,20000,9
D8S1179,Asian,Hispanic,half_siblings,0,0.0242866805124714,0.121040894276903,-0.0907711471864925,0.380211241711606,20000,9
FESFPS,Asian,Hispanic,half_siblings,0,0.0352594701031699,0.127395007257371,-0.219406599890177,0.338351074645935,20000,9
FGA,Asian,Hispanic,half_siblings,0,0.0246281328741267,0.107861706177648,-0.157390760389438,0.176332188853174,20000,9
Penta_C,Asian,Hispanic,half_siblings,0,0.0243832019849988,0.096493598329592,-0.120342369226543,0.248053052240302,20000,9
Penta_E,Asian,Hispanic,half_siblings,0,0.0644856280701743,0.196559256227131,-0.201093528025737,0.487564803518793,20000,9
SE33,Asian,Hispanic,half_siblings,0,0.0485058710381955,0.169288238400638,-0.297782244477717,0.430124692043438,20000,9
TH01,Asian,Hispanic,half_siblings,0,0.0783823175725759,0.169582599315394,-0.105682428953189,0.381688594270662,20000,9
F13B,Asian,Hispanic,parent_child,0.222458267630001,0.0895200545438802,0.211411848938619,-0.604099894006982,0.222458267630002,20000,1
F13A01,Asian,Hispanic,parent_child,0.17528690338897,0.201770349327253,0.29462200670038,-0.49846631259407,0.466236782702269,20000,2
LPL,Asian,Hispanic,parent_child,0.125115434711464,0.0329202530269773,0.135998127155385,-0.225259748878244,0.125115434711467,20000,3
vWA,Asian,Hispanic,parent_child,0.107012114487709,0.0814544841243312,0.227300880343414,-0.30960076550196,0.386140268703864,20000,4
Penta_E,Asian,Hispanic,parent_child,0.0753504357507228,0.117987921147146,0.290061762703693,-0.261677213184775,0.630648012470933,20000,5
D2S1338,Asian,Hispanic,parent_child,0.0717463114818981,0.0417133559445597,0.168529580951376,-0.475557033129857,0.328148321726175,20000,6
D6S1043,Asian,Hispanic,parent_child,0.0708698339252687,0.0500705958467248,0.185636987402186,-0.220420223850775,0.744571736092228,20000,7
Penta_D,Asian,Hispanic,parent_child,0.0591324526247932,0.0379207834411706,0.130949186291451,-0.147182789036763,0.112721111679786,20000,8
D1S1656,Asian,Hispanic,parent_child,0.0581267833542877,0.0712433396891036,0.20691661155801,-0.282866512254714,0.306959022656237,20000,9
SE33,Asian,Hispanic,parent_child,0.0570815494396375,0.0919288394320309,0.247760754223978,-0.392010981679781,0.483050281711918,20000,10
D3S1358,Asian,Hispanic,parent_child,0.0555550294781642,0.0205679095419004,0.109024275023327,-0.263344372552238,0.0717463114818983,20000,11
D18S51,Asian,Hispanic,parent_child,0.0551470496624382,0.0506013710095889,0.177733419262156,-0.501155451104851,0.245961565538829,20000,12
TPOX,Asian,Hispanic,parent_child,0.0516106516287444,0.0137958784632536,0.0928101748821636,-0.349813301885328,0.0628338783287296,20000,13
D7S820,Asian,Hispanic,parent_child,0.045238761002187,0.0134598918696491,0.0890398905189348,-0.2930856774364,0.101377885754335,20000,14
D21S11,Asian,Hispanic,parent_child,0.0247576962104548,0.0515118756044019,0.191931663073801,-0.440859549217599,0.524442966870143,20000,15
D2S441,Asian,Hispanic,parent_child,0.0233503082999009,0.113696431625938,0.338777374484606,-0.396511482906457,0.77894063772349,20000,16
FGA,Asian,Hispanic,parent_child,0.0224634639019894,0.0457445298538604,0.179645087240493,-0.29810647881145,0.306959022656236,20000,17
D12S391,Asian,Hispanic,parent_child,0.0139866696618796,0.0329215624323208,0.139692459508173,-0.346253491119106,0.210049009648182,20000,18
D19S433,Asian,Hispanic,parent_child,0.00100471055698037,0.053073085659881,0.207466534980952,-0.340858459232401,0.431897759264538,20000,19
D13S317,Asian,Hispanic,parent_child,0.000883781549759544,0.041581392027926,0.148924214700054,-0.27143705047393,0.293386215466963,20000,20
CSF1PO,Asian,Hispanic,parent_child,0,0.0202647772773465,0.138816584646322,-0.11118437210409,0.458690935852473,20000,21
D10S1248,Asian,Hispanic,parent_child,0,0.0143905970536192,0.108040212184301,-0.12778363392355,0.315559194418154,20000,21
D16S539,Asian,Hispanic,parent_child,0,0.0630526251733857,0.22797082874803,-0.199652109909648,0.405445423899251,20000,21
D22S1045,Asian,Hispanic,parent_child,0,0.0914014692622271,0.27802136317799,-0.187890999023859,0.5000836210107,20000,21
D5S818,Asian,Hispanic,parent_child,0,0.0865891317422602,0.285731213377123,-0.215919722624101,0.598229181031061,20000,21
FESFPS,Asian,Hispanic,parent_child,0,0.0582032058599976,0.213046495909798,-0.340858459232402,0.421855820970398,20000,21
Penta_C,Asian,Hispanic,parent_child,0,0.0435834182046409,0.163252695850153,-0.16233689455147,0.295963638354773,20000,21
TH01,Asian,Hispanic,parent_child,0,0.121833381119926,0.290752394325508,-0.723606969009367,0.481789629210175,20000,21
D8S1179,Asian,Hispanic,parent_child,-0.00124955763486695,0.0406147192590587,0.191372731525399,-0.133384834568888,0.465321514751487,20000,29
F13A01,Asian,Hispanic,second_cousins,0.0184208643727916,0.0183776118954683,0.0291001827246554,0,0.0901721736643695,20000,1
F13B,Asian,Hispanic,second_cousins,0.00642074016670048,0.00712704573028469,0.0188988860373451,-0.00969494774035279,0.0236008153568176,20000,2
LPL,Asian,Hispanic,second_cousins,0.00364080393847257,0.00237962234824364,0.0148404122351286,-0.0222214000375185,0.013387506938182,20000,3
D3S1358,Asian,Hispanic,second_cousins,0.00257371816707548,0.00163343068765677,0.0137592017140954,0,0.00710081152700146,20000,4
TPOX,Asian,Hispanic,second_cousins,0.00161914469581559,0.00113339969010437,0.00868545834773197,-0.00849891433232251,0.00683443490511343,20000,5
CSF1PO,Asian,Hispanic,second_cousins,0,0.0024111951660694,0.022315839695661,-0.0114021844605833,0.0319144702911693,20000,6
D10S1248,Asian,Hispanic,second_cousins,0,0.00121762849744615,0.0124120028353362,-0.0131018229961634,0.0125117582409951,20000,6
D12S391,Asian,Hispanic,second_cousins,0,0.00275931257290066,0.0167091196048471,-0.00814732936622728,0.0227152177397843,20000,6
D13S317,Asian,Hispanic,second_cousins,0,0.00344844955057255,0.0182164693090502,-0.00603699883833767,0.032491100941787,20000,6
D16S539,Asian,Hispanic,second_cousins,0,0.00740765511400557,0.0217528167092611,-0.0184676513653247,0.0539491985255307,20000,6
D18S51,Asian,Hispanic,second_cousins,0,0.00430458172453307,0.0198127564894302,-0.014654585039477,0.0420420129446055,20000,6
D19S433,Asian,Hispanic,second_cousins,0,0.0053968547122311,0.0269240369997748,-0.00680591612815248,0.0923864337208535,20000,6
D1S1656,Asian,Hispanic,second_cousins,0,0.00652800069128119,0.0255357473177096,-0.0293649712708791,0.0538137743593296,20000,6
D21S11,Asian,Hispanic,second_cousins,0,0.00459467928175201,0.0323778782094532,-0.0060466753967873,0.0403694848391648,20000,6
D22S1045,Asian,Hispanic,second_cousins,0,0.010197015122172,0.0355383206602231,-0.0199976296473054,0.0961723444815745,20000,6
D2S1338,Asian,Hispanic,second_cousins,0,0.00376521316258433,0.0191147359624785,-0.0106225863908463,0.0330099868519797,20000,6
D2S441,Asian,Hispanic,second_cousins,0,0.0157601937884622,0.0519316746239665,-0.0180424971815254,0.132959348832556,20000,6
D5S818,Asian,Hispanic,second_cousins,0,0.0111186337418969,0.0352991065089732,-0.0194141732143882,0.139851062345946,20000,6
D6S1043,Asian,Hispanic,second_cousins,0,0.00387983085745266,0.0366173566236677,-0.0210238307997856,0.0356929427716764,20000,6
D7S820,Asian,Hispanic,second_cousins,0,0.00102177839308079,0.00841893285801603,-0.00710788158430042,0.00980448648820993,20000,6
D8S1179,Asian,Hispanic,second_cousins,0,0.00446003841549954,0.0266480583984597,-0.0147501744805249,0.111365929419026,20000,6
FESFPS,Asian,Hispanic,second_cousins,0,0.00611294236783143,0.0228351791457712,-0.0153252601172792,0.0578083253506724,20000,6
FGA,Asian,Hispanic,second_cousins,0,0.00425967401762718,0.0243155607130691,-0.0302003525841163,0.040777108145803,20000,6
Penta_C,Asian,Hispanic,second_cousins,0,0.00378412103991468,0.0169089781995985,-0.0142532361249833,0.0392257514433682,20000,6
Penta_D,Asian,Hispanic,second_cousins,0,0.00260804227396614,0.0239574620155613,-0.0177302941471341,0.0121640768322422,20000,6
Penta_E,Asian,Hispanic,second_cousins,0,0.0111195014442289,0.0601612643264871,-0.0310115083020165,0.0888969723741825,20000,6
SE33,Asian,Hispanic,second_cousins,0,0.00883146057792648,0.0426061712463088,-0.0290526508916838,0.130688792007821,20000,6
TH01,Asian,Hispanic,second_cousins,0,0.0130063590616571,0.0275557250122282,-0.0172764293764292,0.0577184499870368,20000,6
vWA,Asian,Hispanic,second_cousins,0,0.00785810534961748,0.0230111641466257,-0.0243467019789243,0.0630612395571714,20000,6
CSF1PO,Asian,Hispanic,unrelated,0,0,0,0,0,100000,1
D10S1248,Asian,Hispanic,unrelated,0,0,0,0,0,100000,1
D12S391,Asian,Hispanic,unrelated,0,0,0,0,0,100000,1
D13S317,Asian,Hispanic,unrelated,0,0,0,0,0,100000,1
D16S539,Asian,Hispanic,unrelated,0,0,0,0,0,100000,1
D18S51,Asian,Hispanic,unrelated,0,0,0,0,0,100000,1
D19S433,Asian,Hispanic,unrelated,0,0,0,0,0,100000,1
D1S1656,Asian,Hispanic,unrelated,0,0,0,0,0,100000,1
D21S11,Asian,Hispanic,unrelated,0,0,0,0,0,100000,1
D22S1045,Asian,Hispanic,unrelated,0,0,0,0,0,100000,1
D2S1338,Asian,Hispanic,unrelated,0,0,0,0,0,100000,1
D2S441,Asian,Hispanic,unrelated,0,0,0,0,0,100000,1
D3S1358,Asian,Hispanic,unrelated,0,0,0,0,0,100000,1
D5S818,Asian,Hispanic,unrelated,0,0,0,0,0,100000,1
D6S1043,Asian,Hispanic,unrelated,0,0,0,0,0,100000,1
D7S820,Asian,Hispanic,unrelated,0,0,0,0,0,100000,1
D8S1179,Asian,Hispanic,unrelated,0,0,0,0,0,100000,1
F13A01,Asian,Hispanic,unrelated,0,0,0,0,0,100000,1
F13B,Asian,Hispanic,unrelated,0,0,0,0,0,100000,1
FESFPS,Asian,Hispanic,unrelated,0,0,0,0,0,100000,1
FGA,Asian,Hispanic,unrelated,0,0,0,0,0,100000,1
LPL,Asian,Hispanic,unrelated,0,0,0,0,0,100000,1
Penta_C,Asian,Hispanic,unrelated,0,0,0,0,0,100000,1
Penta_D,Asian,Hispanic,unrelated,0,0,0,0,0,100000,1
Penta_E,Asian,Hispanic,unrelated,0,0,0,0,0,100000,1
SE33,Asian,Hispanic,unrelated,0,0,0,0,0,100000,1
TH01,Asian,Hispanic,unrelated,0,0,0,0,0,100000,1
TPOX,Asian,Hispanic,unrelated,0,0,0,0,0,100000,1
vWA,Asian,Hispanic,unrelated,0,0,0,0,0,100000,1
TPOX,Cauc,AfAm,cousins,0.00904057995767066,0.00737923651430246,0.0286106364314437,-0.0342699721152794,0.0379035116337206,20000,1
F13B,Cauc,AfAm,cousins,0.00442697851666678,0.0339025944097629,0.0570155604100311,-0.0970928242434103,0.118606180855603,20000,2
FESFPS,Cauc,AfAm,cousins,0.00392939850902257,0.00546720553787359,0.0276028508649101,0,0.0217874504051169,20000,3
D5S818,Cauc,AfAm,cousins,0.00192322774527739,0.00484569524378295,0.0268279935366667,-0.0326983413302855,0.0363067621462799,20000,4
CSF1PO,Cauc,AfAm,cousins,0,0.00550428200849087,0.0341137177532612,-0.0128578497632559,0.0566965844939655,20000,5
D10S1248,Cauc,AfAm,cousins,0,0.00561428429903278,0.0252917051926916,-0.000406172417988029,0.0450130758726435,20000,5
D12S391,Cauc,AfAm,cousins,0,0.0152582309238861,0.0743541978613736,-0.0383782344109516,0.185781972276065,20000,5
D13S317,Cauc,AfAm,cousins,0,0.0113975641250181,0.0595664564841883,-0.0338825725398202,0.24628710093023,20000,5
D16S539,Cauc,AfAm,cousins,0,0.00465757786912621,0.0227843050162669,-0.0479184015769429,0.0410946653019857,20000,5
D18S51,Cauc,AfAm,cousins,0,0.0112382299967891,0.0553887071141957,-0.0524477157901574,0.161912158455419,20000,5
D19S433,Cauc,AfAm,cousins,0,0.0205011781976896,0.0973157311629637,-0.066845802656105,0.0849823654382745,20000,5
D1S1656,Cauc,AfAm,cousins,0,0.0148861074330767,0.0528768326109191,-0.0703084720972218,0.138743466997446,20000,5
D21S11,Cauc,AfAm,cousins,0,0.00857678668497271,0.0358384224164175,-0.0289004742647277,0.0953743354490986,20000,5
D22S1045,Cauc,AfAm,cousins,0,0.013234414000239,0.0383950556220864,-0.047274341551204,0.0632594617873806,20000,5
D2S1338,Cauc,AfAm,cousins,0,0.01090762740474,0.039909730882372,-0.0219466163828561,0.0932039571261038,20000,5
D2S441,Cauc,AfAm,cousins,0,0.0110714149726049,0.0477480065314087,-0.00996545162989171,0.138502327901767,20000,5
D3S1358,Cauc,AfAm,cousins,0,0.0063034117343293,0.0408521870613204,-0.0260655166854495,0.119002956527792,20000,5
D6S1043,Cauc,AfAm,cousins,0,0.00840841670529656,0.037772177128876,-0.0231378058614403,0.0721607878053361,20000,5
D7S820,Cauc,AfAm,cousins,0,0.00579001544721446,0.0349158947322498,-0.0330128401444058,0.0604774422357626,20000,5
D8S1179,Cauc,AfAm,cousins,0,0.0116299835074774,0.0478382104449793,-0.0535534130521905,0.205273134531288,20000,5
F13A01,Cauc,AfAm,cousins,0,0.0229997991462612,0.0554098115987043,-0.0532052135681444,0.11270287071401,20000,5
FGA,Cauc,AfAm,cousins,0,0.0110384252832996,0.0799274490883751,-0.04760724168273,0.109670857058139,20000,5
LPL,Cauc,AfAm,cousins,0,0.00925357759929468,0.0340267788924246,-0.0221914436504207,0.0934163465132789,20000,5
Penta_C,Cauc,AfAm,cousins,0,0.00561078428128125,0.0322758116266316,-0.0177287669604316,0.0513077241443641,20000,5
Penta_D,Cauc,AfAm,cousins,0,0.022149844926696,0.0541092031216325,-0.0296717831594345,0.134292401479467,20000,5
Penta_E,Cauc,AfAm,cousins,0,0.0113948544324344,0.0417393065095669,-0.0284089431996566,0.0953169195823354,20000,5
SE33,Cauc,AfAm,cousins,0,0.0163225890775483,0.0876481923371783,-0.0740262404391558,0.296061237179191,20000,5
TH01,Cauc,AfAm,cousins,0,0.0279029006170352,0.0609497414508413,-0.065165088678849,0.158865724820618,20000,5
vWA,Cauc,AfAm,cousins,0,0.00401437199492645,0.0232723127581515,-0.0526136766933586,0.0670377883558346,20000,5
F13B,Cauc,AfAm,full_siblings,0.268692848017923,0.198669012395509,0.307646266682383,-0.484176242063381,0.781080030140458,20000,1
TH01,Cauc,AfAm,full_siblings,0.186595637672392,0.141307552464267,0.308994924625923,-0.37908831095292,0.928994890075126,20000,2
F13A01,Cauc,AfAm,full_siblings,0.136004162758459,0.129881323645659,0.265343541798794,-0.38594348273905,0.720753418670537,20000,3
Penta_D,Cauc,AfAm,full_siblings,0.100500336484485,0.144742384025131,0.247392138661819,-0.386252741984472,0.606055268707249,20000,4
Penta_E,Cauc,AfAm,full_siblings,0.089362344718083,0.0787143488356746,0.187497375930016,-0.194454177373684,0.408351122362545,20000,5
D8S1179,Cauc,AfAm,full_siblings,0.0848255955934191,0.0636355192425523,0.208672772360833,-0.262114859611327,0.585765881612993,20000,6
D22S1045,Cauc,AfAm,full_siblings,0.0828407777207274,0.0834016166953175,0.198701891819532,-0.395298489347733,0.471329707724119,20000,7
TPOX,Cauc,AfAm,full_siblings,0.0820554754789779,0.0555406022938909,0.130326083704466,-0.211280026310008,0.214119626523564,20000,8
FESFPS,Cauc,AfAm,full_siblings,0.0655426752601955,0.0406682873128653,0.124098372774291,-0.486671236020312,0.144840190995416,20000,9
D2S1338,Cauc,AfAm,full_siblings,0.0611606299679943,0.0641230482121469,0.191812782121185,-0.521179983293501,0.385279540845433,20000,10
CSF1PO,Cauc,AfAm,full_siblings,0.0521292780457942,0.0432001423605465,0.130549114747584,-0.0892175595111564,0.288710286178346,20000,11
Penta_C,Cauc,AfAm,full_siblings,0.0514919476165963,0.0397276792515827,0.137382875951265,-0.215862944755292,0.296845393031298,20000,12
LPL,Cauc,AfAm,full_siblings,0.0476766466829107,0.0565189613091781,0.180546674022473,-0.420299672875628,0.323994221686653,20000,13
D19S433,Cauc,AfAm,full_siblings,0.038260555323915,0.125060201588817,0.312732634932273,-0.460220504181462,1.09004319074554,20000,14
vWA,Cauc,AfAm,full_siblings,0.0340540187223217,0.0237790664780104,0.118808484464952,-0.227302985985726,0.257399373007786,20000,15
D10S1248,Cauc,AfAm,full_siblings,0.0252513085601547,0.039379893694546,0.128326340485351,-0.477121254719662,0.187206888244598,20000,16
D5S818,Cauc,AfAm,full_siblings,0.0161656177675538,0.0311387064956041,0.123491685805481,-0.165582696669092,0.282745790995773,20000,17
FGA,Cauc,AfAm,full_siblings,0.00335276029464791,0.0696191472982039,0.244830843228117,-0.391206626013069,0.660205386172382,20000,18
D16S539,Cauc,AfAm,full_siblings,8.0876583451038e-05,0.0304471798437912,0.127262784907543,-0.269219732395004,0.297117641569417,20000,19
D12S391,Cauc,AfAm,full_siblings,0,0.0850494930604803,0.269191543268168,-0.367193916365435,0.737331135488846,20000,20
D13S317,Cauc,AfAm,full_siblings,0,0.0582264399762662,0.228377314003676,-0.20992136417089,0.607349106594917,20000,20
D18S51,Cauc,AfAm,full_siblings,0,0.0626962364802611,0.218717687900289,-0.355006463009129,0.496791454236881,20000,20
D1S1656,Cauc,AfAm,full_siblings,0,0.0883497547372442,0.234385848238599,-0.39648433417146,0.611553692276349,20000,20
D21S11,Cauc,AfAm,full_siblings,0,0.0538130280620838,0.171400851808035,-0.31379460919762,0.394698248527933,20000,20
D2S441,Cauc,AfAm,full_siblings,0,0.0636485043128141,0.213319153370986,-0.460185225410513,0.47909644621714,20000,20
D6S1043,Cauc,AfAm,full_siblings,0,0.0479148913173661,0.171927872367661,-0.335482934084004,0.470051257501133,20000,20
D7S820,Cauc,AfAm,full_siblings,0,0.0332193585257393,0.152609882774333,-0.182434397881687,0.368379178801167,20000,20
SE33,Cauc,AfAm,full_siblings,0,0.0957959536541983,0.300399964409584,-0.378383172007832,0.903229878918392,20000,20
D3S1358,Cauc,AfAm,full_siblings,-0.00211281818738333,0.0331273257914865,0.167631177051617,-0.133853421861539,0.446677528644287,20000,29
F13A01,Cauc,AfAm,half_siblings,0.0905804189370796,0.0730803846442533,0.162445715739169,-0.199394852764381,0.306878105829237,20000,1
D22S1045,Cauc,AfAm,half_siblings,0.049829705140177,0.0461371252754885,0.120869886855785,-0.29615547661998,0.194359494811913,20000,2
TPOX,Cauc,AfAm,half_siblings,0.0463740456507625,0.0277778610600517,0.0823629317142961,-0.142439135706301,0.107059813261781,20000,3
Penta_D,Cauc,AfAm,half_siblings,0.04418646106941,0.0737745256571118,0.16000308606229,-0.118549201039733,0.335945259032253,20000,4
FESFPS,Cauc,AfAm,half_siblings,0.0376773416489734,0.0197902588854966,0.0839799943315931,-0.00787387517596139,0.0724200954977087,20000,5
CSF1PO,Cauc,AfAm,half_siblings,0.0373848975848152,0.0215224332999861,0.0843021366674342,-0.037484964594687,0.19389255348487,20000,6
LPL,Cauc,AfAm,half_siblings,0.0332569560535924,0.0320071157051983,0.111820360500606,-0.276089019187349,0.240103238829261,20000,7
F13B,Cauc,AfAm,half_siblings,0.0229359815274109,0.110730404146273,0.181918043771422,-0.330459117082074,0.330157075265644,20000,8
D10S1248,Cauc,AfAm,half_siblings,0.0151326686759534,0.021304162750314,0.078842610625297,-0.00109503012776468,0.126036826907354,20000,9
D5S818,Cauc,AfAm,half_siblings,0.00886822340284989,0.0160786053305957,0.0760494153826556,-0.113862259134742,0.115528382731575,20000,10
D19S433,Cauc,AfAm,half_siblings,0.008010706832762,0.0682037122699772,0.212826113961243,-0.202196726894362,0.987326840528465,20000,11
D16S539,Cauc,AfAm,half_siblings,4.70888732769584e-05,0.0164692716316765,0.0788362879273999,-0.229602988862527,0.123567533677594,20000,12
D12S391,Cauc,AfAm,half_siblings,0,0.0455451386119403,0.179742471525343,-0.256103690968318,0.501081616185494,20000,13
D13S317,Cauc,AfAm,half_siblings,0,0.0319042721245028,0.151185672107977,-0.114897642584296,0.512195466261372,20000,13
D18S51,Cauc,AfAm,half_siblings,0,0.0358289062878913,0.146994380969801,-0.256103690968318,0.370526282189644,20000,13
D1S1656,Cauc,AfAm,half_siblings,0,0.0465105288999411,0.151892336342007,-0.32497195131167,0.320851041412352,20000,13
D21S11,Cauc,AfAm,half_siblings,0,0.0294692442561603,0.110197739340949,-0.134648217994808,0.220519535346007,20000,13
D2S1338,Cauc,AfAm,half_siblings,0,0.0373927236420445,0.122096212542911,-0.432533358573227,0.207492330570054,20000,13
D2S441,Cauc,AfAm,half_siblings,0,0.0362304382210149,0.137422517185692,-0.155980953042383,0.43506539881433,20000,13
D3S1358,Cauc,AfAm,half_siblings,0,0.0188052916221037,0.108905283963788,-0.0814672287174272,0.355189008654027,20000,13
D6S1043,Cauc,AfAm,half_siblings,0,0.027651359556314,0.106648166337001,-0.239344944840875,0.199864152721558,20000,13
D7S820,Cauc,AfAm,half_siblings,0,0.0183442169061019,0.0973891721291237,-0.115625777126486,0.342806757329133,20000,13
D8S1179,Cauc,AfAm,half_siblings,0,0.0353906420026359,0.13163748516598,-0.187456918984178,0.42462586702783,20000,13
FGA,Cauc,AfAm,half_siblings,0,0.0373933643008343,0.176200607947667,-0.126873236385498,0.306614978770646,20000,13
Penta_C,Cauc,AfAm,half_siblings,0,0.019883652561725,0.0904803650929197,-0.0511525224473813,0.147037373358283,20000,13
Penta_E,Cauc,AfAm,half_siblings,0,0.0402368483709765,0.123292526298708,-0.0935859883825439,0.277683873053352,20000,13
SE33,Cauc,AfAm,half_siblings,0,0.0523225153985662,0.205187540885663,-0.251371778447816,0.509112875415336,20000,13
TH01,Cauc,AfAm,half_siblings,0,0.0844531464221627,0.189089004901726,-0.206222293286027,0.401985739632982,20000,13
vWA,Cauc,AfAm,half_siblings,0,0.0128827870028728,0.0749801044219685,-0.165538129865658,0.164615676690572,20000,13
F13B,Cauc,AfAm,parent_child,0.263615096661289,0.182109506160638,0.315101605367298,-0.579083685938484,0.480742551905389,20000,1
F13A01,Cauc,AfAm,parent_child,0.204119982655923,0.119866434196226,0.276928016431568,-0.416825352832412,0.438400192313405,20000,2
TH01,Cauc,AfAm,parent_child,0.168239510656738,0.131517597872624,0.320213974020128,-0.322957263444884,0.553174315704345,20000,3
Penta_E,Cauc,AfAm,parent_child,0.132406777117871,0.0753020061121149,0.193836389800133,-0.241117450832463,0.31533746070386,20000,4
D2S1338,Cauc,AfAm,parent_child,0.121474754280666,0.0645339940965966,0.200175237970573,-0.598668940777183,0.299232601506031,20000,5
D19S433,Cauc,AfAm,parent_child,0.120100043714692,0.124111054581823,0.307128265982907,-0.500602350569184,1.11218150615055,20000,6
Penta_D,Cauc,AfAm,parent_child,0.11994104645279,0.13668140243911,0.24395510481208,-0.539775658735554,0.389522659258393,20000,7
D8S1179,Cauc,AfAm,parent_child,0.109914267822013,0.0557985417058687,0.218532208721546,-0.286722530624105,0.523531329147536,20000,8
D22S1045,Cauc,AfAm,parent_child,0.106478442133827,0.080709725371687,0.211425409974174,-0.446423373491614,0.300156690559933,20000,9
FESFPS,Cauc,AfAm,parent_child,0.0986283507399134,0.0422320105560083,0.12724761105159,-0.478608056863017,0.0990273351335274,20000,10
TPOX,Cauc,AfAm,parent_child,0.0978869296283015,0.0562557927271381,0.137658897787795,-0.239302333788016,0.197095926703197,20000,11
D1S1656,Cauc,AfAm,parent_child,0.0926837164512718,0.0801788144850193,0.242255433736173,-0.513118907991182,0.427311220147791,20000,12
CSF1PO,Cauc,AfAm,parent_child,0.08614088267467,0.0432120660739375,0.137863896038807,-0.0550800819212277,0.242220937472715,20000,13
LPL,Cauc,AfAm,parent_child,0.0842417864407513,0.0524517051760168,0.193001948261845,-0.52571307115222,0.328133345683914,20000,14
vWA,Cauc,AfAm,parent_child,0.0622310173570596,0.0252226355304069,0.127839281987322,-0.259938799224496,0.21811171196259,20000,15
D10S1248,Cauc,AfAm,parent_child,0.0324955598928391,0.0398706084470551,0.13367639793867,-0.487698771872918,0.180638886806403,20000,16
D5S818,Cauc,AfAm,parent_child,0.0222763947111533,0.0307123810109572,0.136165268543324,-0.195335301961951,0.182332044825847,20000,17
D6S1043,Cauc,AfAm,parent_child,0.0222763947111517,0.0485336547534949,0.17997243611304,-0.351949339860443,0.285743378429729,20000,18
D13S317,Cauc,AfAm,parent_child,0.0212509054934608,0.053157453966941,0.232950236015574,-0.19204539904834,0.637284555816266,20000,19
FGA,Cauc,AfAm,parent_child,0.0042492460956266,0.0633403408029045,0.237924676602352,-0.425968732272281,0.453640158870139,20000,20
D7S820,Cauc,AfAm,parent_child,0.00376581929134034,0.0312699595926591,0.161268946003843,-0.199572354905206,0.374458912822514,20000,21
Penta_C,Cauc,AfAm,parent_child,0.00110966392380352,0.0391195096098905,0.146936628697297,-0.340901507701673,0.211204878472006,20000,22
D16S539,Cauc,AfAm,parent_child,0.000106301427994601,0.0276506647594739,0.139998043068688,-0.31378722612173,0.186416725665364,20000,23
D12S391,Cauc,AfAm,parent_child,0,0.0754595033684102,0.268882096296151,-0.386029129432719,0.675488908486497,20000,24
D18S51,Cauc,AfAm,parent_child,0,0.061127285725602,0.221942659120771,-0.393592010656803,0.478750879453171,20000,24
D21S11,Cauc,AfAm,parent_child,0,0.0533998741213679,0.176835968099848,-0.199572354905204,0.283709208519276,20000,24
SE33,Cauc,AfAm,parent_child,0,0.0920125031870452,0.297598037933387,-0.312276635096494,0.930761413589802,20000,24
D3S1358,Cauc,AfAm,parent_child,-0.00300551013972387,0.030022342366046,0.172203772952277,-0.12640914254658,0.422880795064603,20000,28
D2S441,Cauc,AfAm,parent_child,-0.0234810958495209,0.0602176909457444,0.220252304022251,-0.545080622290686,0.496044007423225,20000,29
TPOX,Cauc,AfAm,second_cousins,0.00454148437122392,0.00396984829860316,0.0119549685686336,-0.0177693985570217,0.0203778939441061,20000,1
F13B,Cauc,AfAm,second_cousins,0.00222107132720784,0.0176371737748614,0.0310545858368717,-0.0452738710600626,0.0643686514180365,20000,2
FESFPS,Cauc,AfAm,second_cousins,0.00111962334680714,0.00265079802683666,0.0172407355182969,0,0.0115298921371075,20000,3
D5S818,Cauc,AfAm,second_cousins,0.000940835571892742,0.00256039445199755,0.0123913273452786,-0.0167760974802213,0.0189799889243752,20000,4
CSF1PO,Cauc,AfAm,second_cousins,0,0.00304593878886286,0.0140955956284176,-0.00685448720201074,0.0146339367848675,20000,5
D10S1248,Cauc,AfAm,second_cousins,0,0.00291577347234336,0.0133588185816937,-0.000119061188617147,0.0242604181195531,20000,5
D12S391,Cauc,AfAm,second_cousins,0,0.00842977933814713,0.0463231441444525,-0.0217384386684694,0.102244538334148,20000,5
D13S317,Cauc,AfAm,second_cousins,0,0.00664089674136394,0.0347378234140089,-0.0174762966044187,0.147857838190544,20000,5
D16S539,Cauc,AfAm,second_cousins,0,0.00240332095014667,0.0120726513452069,-0.0251575508168248,0.0217631654431032,20000,5
D18S51,Cauc,AfAm,second_cousins,0,0.00612372742752087,0.0330661145762581,-0.028639821068213,0.0932635154803075,20000,5
D19S433,Cauc,AfAm,second_cousins,0,0.0122851344678055,0.0651673123337123,-0.0233720658399694,0.0477128252372023,20000,5
D1S1656,Cauc,AfAm,second_cousins,0,0.00748031142545313,0.0297214637328505,-0.0394674173586789,0.0864871826782819,20000,5
D21S11,Cauc,AfAm,second_cousins,0,0.00434197627850069,0.0210073122100867,-0.0147066967166847,0.0544558121068364,20000,5
D22S1045,Cauc,AfAm,second_cousins,0,0.00694016909170446,0.0192372464436166,-0.0271550704481591,0.0333763679920677,20000,5
D2S1338,Cauc,AfAm,second_cousins,0,0.00544477272563261,0.021673332127534,-0.00704412179519939,0.0522580939062878,20000,5
D2S441,Cauc,AfAm,second_cousins,0,0.00592811220825283,0.0279179272737751,-0.00526786376939824,0.0801498130051784,20000,5
D3S1358,Cauc,AfAm,second_cousins,0,0.00342527466514317,0.0233558831774586,-0.0136753295626574,0.0658874331664186,20000,5
D6S1043,Cauc,AfAm,second_cousins,0,0.00434591128711772,0.023474811436614,-0.0125979056150683,0.0390567369645357,20000,5
D7S820,Cauc,AfAm,second_cousins,0,0.00323670642216702,0.021476524209917,-0.0169185739630649,0.0323271076936362,20000,5
D8S1179,Cauc,AfAm,second_cousins,0,0.00608499097500869,0.0266575222916147,-0.0281182965575388,0.122890685379464,20000,5
F13A01,Cauc,AfAm,second_cousins,0,0.0120116554063695,0.0314799926226337,-0.0281808801964665,0.0614696568303005,20000,5
FGA,Cauc,AfAm,second_cousins,0,0.00608707046197679,0.0506221469509627,-0.00799664949091956,0.0615689625743692,20000,5
LPL,Cauc,AfAm,second_cousins,0,0.00519199443041024,0.0181873510231084,-0.0116977800484704,0.0516600983868913,20000,5
Penta_C,Cauc,AfAm,second_cousins,0,0.00287002901609921,0.0179136043918236,-0.00947589188387757,0.0275604815258771,20000,5
Penta_D,Cauc,AfAm,second_cousins,0,0.0114098396388443,0.0329005352109929,-0.0154422007441399,0.0781339115804702,20000,5
Penta_E,Cauc,AfAm,second_cousins,0,0.00588715483738619,0.0241997036618251,-0.0157481244500016,0.0553041368620472,20000,5
SE33,Cauc,AfAm,second_cousins,0,0.0095868217092586,0.057082618587001,-0.0411712097473416,0.152708487967132,20000,5
TH01,Cauc,AfAm,second_cousins,0,0.0152855773873786,0.0332390689917304,-0.0343550052282037,0.0887996884203755,20000,5
vWA,Cauc,AfAm,second_cousins,0,0.00204617204855067,0.0141836156077926,-0.0275948605613965,0.0375060904070112,20000,5
CSF1PO,Cauc,AfAm,unrelated,0,0,0,0,0,100000,1
D10S1248,Cauc,AfAm,unrelated,0,0,0,0,0,100000,1
D12S391,Cauc,AfAm,unrelated,0,0,0,0,0,100000,1
D13S317,Cauc,AfAm,unrelated,0,0,0,0,0,100000,1
D16S539,Cauc,AfAm,unrelated,0,0,0,0,0,100000,1
D18S51,Cauc,AfAm,unrelated,0,0,0,0,0,100000,1
D19S433,Cauc,AfAm,unrelated,0,0,0,0,0,100000,1
D1S1656,Cauc,AfAm,unrelated,0,0,0,0,0,100000,1
D21S11,Cauc,AfAm,unrelated,0,0,0,0,0,100000,1
D22S1045,Cauc,AfAm,unrelated,0,0,0,0,0,100000,1
D2S1338,Cauc,AfAm,unrelated,0,0,0,0,0,100000,1
D2S441,Cauc,AfAm,unrelated,0,0,0,0,0,100000,1
D3S1358,Cauc,AfAm,unrelated,0,0,0,0,0,100000,1
D5S818,Cauc,AfAm,unrelated,0,0,0,0,0,100000,1
D6S1043,Cauc,AfAm,unrelated,0,0,0,0,0,100000,1
D7S820,Cauc,AfAm,unrelated,0,0,0,0,0,100000,1
D8S1179,Cauc,AfAm,unrelated,0,0,0,0,0,100000,1
F13A01,Cauc,AfAm,unrelated,0,0,0,0,0,100000,1
F13B,Cauc,AfAm,unrelated,0,0,0,0,0,100000,1
FESFPS,Cauc,AfAm,unrelated,0,0,0,0,0,100000,1
FGA,Cauc,AfAm,unrelated,0,0,0,0,0,100000,1
LPL,Cauc,AfAm,unrelated,0,0,0,0,0,100000,1
Penta_C,Cauc,AfAm,unrelated,0,0,0,0,0,100000,1
Penta_D,Cauc,AfAm,unrelated,0,0,0,0,0,100000,1
Penta_E,Cauc,AfAm,unrelated,0,0,0,0,0,100000,1
SE33,Cauc,AfAm,unrelated,0,0,0,0,0,100000,1
TH01,Cauc,AfAm,unrelated,0,0,0,0,0,100000,1
TPOX,Cauc,AfAm,unrelated,0,0,0,0,0,100000,1
vWA,Cauc,AfAm,unrelated,0,0,0,0,0,100000,1
D5S818,Cauc,Asian,cousins,0.0118337128070012,0.0120374273094358,0.0335097479062264,-0.0158220818264394,0.0557642497641338,20000,1
CSF1PO,Cauc,Asian,cousins,0,0.00339317881448624,0.0277108250343389,-0.00900282165387761,0.0334789467136004,20000,2
D10S1248,Cauc,Asian,cousins,0,0.00174917661140784,0.0173741902896952,-0.00536959194953932,0.0316998737943337,20000,2
D12S391,Cauc,Asian,cousins,0,0.0142630817351523,0.0872932753701522,-0.0485980227008063,0.197001087246243,20000,2
D13S317,Cauc,Asian,cousins,0,0.0129378418200594,0.092138496150449,-0.0684666318883057,0.0958864548849487,20000,2
D16S539,Cauc,Asian,cousins,0,0.017730636509114,0.0512852942935847,-0.0838858949780815,0.0801223896598527,20000,2
D18S51,Cauc,Asian,cousins,0,0.013073573808489,0.0588522039908715,-0.0441845890239073,0.180061183956388,20000,2
D19S433,Cauc,Asian,cousins,0,0.0151337864250463,0.0701266871494316,-0.00971848389037432,0.170123293217787,20000,2
D1S1656,Cauc,Asian,cousins,0,0.0250277293692351,0.129717587371951,-0.0705069562751347,0.319451658301847,20000,2
D21S11,Cauc,Asian,cousins,0,0.0158444152023332,0.0817905757495939,-0.0647478814792148,0.164255624856911,20000,2
D22S1045,Cauc,Asian,cousins,0,0.0124534674583985,0.0593185878769979,-0.0471127618693972,0.0742592041956312,20000,2
D2S1338,Cauc,Asian,cousins,0,0.0143420018996089,0.0574937079029633,-0.0695720654205697,0.175120317873803,20000,2
D2S441,Cauc,Asian,cousins,0,0.0192425940077815,0.0698889095582792,-0.0242736946449063,0.158193421729435,20000,2
D3S1358,Cauc,Asian,cousins,0,0.0116234900491008,0.0580608627762327,-0.0287693666821629,0.252176398047441,20000,2
D6S1043,Cauc,Asian,cousins,0,0.0129259824211338,0.040621879522143,-0.0594224764548751,0.0828717557898691,20000,2
D7S820,Cauc,Asian,cousins,0,0.0122323116927286,0.0610100974094876,-0.0276138180485376,0.164035897713198,20000,2
D8S1179,Cauc,Asian,cousins,0,0.00683014467797166,0.0415657180148618,-0.0526137284825078,0.0488879822049518,20000,2
F13A01,Cauc,Asian,cousins,0,0.125552440973443,0.231472130404692,-0.0378310249816859,0.661104773928915,20000,2
F13B,Cauc,Asian,cousins,0,0.0377869229006615,0.10224852515947,-0.0327402498674857,0.381871713407251,20000,2
FESFPS,Cauc,Asian,cousins,0,0.0193280463780593,0.0694463573983806,-0.0248235837250341,0.150052184803379,20000,2
FGA,Cauc,Asian,cousins,0,0.00414597708270747,0.0352189031813781,-0.0224325703747146,0.0603997379862298,20000,2
LPL,Cauc,Asian,cousins,0,0.012233036455967,0.0619520899416305,-0.0221884897453819,0.100987551285431,20000,2
Penta_C,Cauc,Asian,cousins,0,0.0302300307925915,0.110827915481524,-0.0514298481022473,0.422735043517203,20000,2
Penta_D,Cauc,Asian,cousins,0,0.0112842806701659,0.0660923354742304,-0.0410498397245154,0.0940673995187529,20000,2
Penta_E,Cauc,Asian,cousins,0,0.0972773286837753,0.313608841760745,-0.0834764659853658,1.11538446264168,20000,2
SE33,Cauc,Asian,cousins,0,0.00899197908697449,0.084092346958573,-0.0664640001735165,0.13666618377561,20000,2
TH01,Cauc,Asian,cousins,0,0.0649368121325237,0.124986451752324,-0.0802370453208806,0.354755055439692,20000,2
vWA,Cauc,Asian,cousins,0,0.0110116929686262,0.0636231095038456,-0.0686672995437416,0.309630167425899,20000,2
TPOX,Cauc,Asian,cousins,-0.00108799800598481,0.00124831519717104,0.0171025705046666,-0.0138395481935254,0.0489522214499843,20000,29
F13A01,Cauc,Asian,full_siblings,0.33168382069594,0.437362246181461,0.682968865348361,-0.59845586705914,2.39511242630707,20000,1
D16S539,Cauc,Asian,full_siblings,0.172440909730493,0.113671073983771,0.239917514322177,-0.420690388124465,0.410431149448058,20000,2
TH01,Cauc,Asian,full_siblings,0.100783812725754,0.269918809174955,0.476281928106945,-0.460043597447029,1.62248299928482,20000,3
D5S818,Cauc,Asian,full_siblings,0.0875214256261345,0.076948458994591,0.196634943675141,-0.495317945123027,0.426892351786348,20000,4
Penta_C,Cauc,Asian,full_siblings,0.0729799680759742,0.143538922669595,0.357790493650404,-0.304547679136623,0.973252513462045,20000,5
D13S317,Cauc,Asian,full_siblings,0.0530045273089743,0.0661531249970157,0.275236588317051,-0.297962312502024,1.21655635198833,20000,6
D19S433,Cauc,Asian,full_siblings,0.049753827254817,0.0910753390094774,0.261086291490811,-0.50060425284906,0.721485394457348,20000,7
FESFPS,Cauc,Asian,full_siblings,0.0321489868365837,0.112686069666236,0.285769499416378,-0.551374201307988,0.82816507313882,20000,8
D6S1043,Cauc,Asian,full_siblings,0.0211999371544683,0.0719284386434767,0.21338920717467,-0.38084544282029,0.490089579520582,20000,9
Penta_E,Cauc,Asian,full_siblings,0.0204643019759214,0.32123279456914,0.720356589798938,-0.411050942645678,2.06016537109868,20000,10
D22S1045,Cauc,Asian,full_siblings,0.0126220764230977,0.0738738189276073,0.231782386271787,-0.392628556550126,0.721439886768895,20000,11
CSF1PO,Cauc,Asian,full_siblings,0,0.0257620224248344,0.111754887040032,-0.0493656571810637,0.245071534222207,20000,12
D10S1248,Cauc,Asian,full_siblings,0,0.0104822223884921,0.0882378647576273,-0.356552473040944,0.119143931854155,20000,12
D12S391,Cauc,Asian,full_siblings,0,0.0824988205462374,0.28801214359547,-0.304705539220382,0.919384139302538,20000,12
D18S51,Cauc,Asian,full_siblings,0,0.0674626033960225,0.23677113210704,-0.295067688270199,0.589736848207724,20000,12
D1S1656,Cauc,Asian,full_siblings,0,0.123533634084363,0.385773120553098,-0.361047898827287,1.33642496943131,20000,12
D21S11,Cauc,Asian,full_siblings,0,0.087753069996314,0.279870260713015,-0.260712862518344,0.816667116515763,20000,12
D2S1338,Cauc,Asian,full_siblings,0,0.0704083221053283,0.243775653765161,-0.285340474585214,0.643144360934391,20000,12
D2S441,Cauc,Asian,full_siblings,0,0.108185049501364,0.28281288097994,-0.54535266872801,0.741033096118462,20000,12
D3S1358,Cauc,Asian,full_siblings,0,0.053633470716855,0.223235635817695,-0.196837509832541,0.59505462945469,20000,12
D7S820,Cauc,Asian,full_siblings,0,0.0629647827307594,0.240647798474326,-0.212579160678011,0.709903281713584,20000,12
D8S1179,Cauc,Asian,full_siblings,0,0.040002435682618,0.169257932897457,-0.287884553231182,0.341194076032925,20000,12
F13B,Cauc,Asian,full_siblings,0,0.178820978424796,0.388758997583061,-0.3570873602171,1.29886204268691,20000,12
FGA,Cauc,Asian,full_siblings,0,0.0244813356751193,0.140510454382103,-0.166330759236153,0.340339345356456,20000,12
LPL,Cauc,Asian,full_siblings,0,0.0676515052508219,0.233609174895867,-0.240779868402735,0.737824618217892,20000,12
Penta_D,Cauc,Asian,full_siblings,0,0.0594301075935291,0.236766713374619,-0.270563430566727,0.730602852205088,20000,12
SE33,Cauc,Asian,full_siblings,0,0.0466039145555094,0.257486806387159,-0.348915407704435,0.831937103076549,20000,12
vWA,Cauc,Asian,full_siblings,0,0.0542068646801724,0.231665994306175,-0.286475507293505,0.673337461669208,20000,12
TPOX,Cauc,Asian,full_siblings,-0.0113327195487869,0.005777309032712,0.0771470097528308,-0.0592119936224044,0.192197968325702,20000,29
D16S539,Cauc,Asian,half_siblings,0.109662634778307,0.0618637972339039,0.145871993154346,-0.33194397179139,0.20521557472403,20000,1
D5S818,Cauc,Asian,half_siblings,0.051145238621405,0.0409248196503187,0.116938029182209,-0.334687935293517,0.174960577651845,20000,2
Penta_C,Cauc,Asian,half_siblings,0.0410094588565185,0.0783293016162797,0.242349572409696,-0.256490089925334,0.794970135797775,20000,3
D13S317,Cauc,Asian,half_siblings,0.0386595522733147,0.0367582534718854,0.184349966711588,-0.210587026926425,0.267950345409674,20000,4
FESFPS,Cauc,Asian,half_siblings,0.0224033837293133,0.0629575150431452,0.182560944177447,-0.0932334667615547,0.363007054856765,20000,5
D22S1045,Cauc,Asian,half_siblings,0.0073425198058607,0.0421920374357512,0.148128500204483,-0.309796448741274,0.638601766586758,20000,6
CSF1PO,Cauc,Asian,half_siblings,0,0.0120299063095782,0.0740129022363987,-0.0226611274949291,0.101657525791956,20000,7
D10S1248,Cauc,Asian,half_siblings,0,0.00612788269761848,0.0539881635642366,-0.0428391293992217,0.0911262692770483,20000,7
D12S391,Cauc,Asian,half_siblings,0,0.0441429547603958,0.195484656538819,-0.155485229795596,0.602313002976193,20000,7
D18S51,Cauc,Asian,half_siblings,0,0.0393503735922533,0.156894358700419,-0.181515537954135,0.393879487750161,20000,7
D19S433,Cauc,Asian,half_siblings,0,0.0505734247181512,0.175327568223057,-0.419819943162215,0.631507778641364,20000,7
D1S1656,Cauc,Asian,half_siblings,0,0.0704150665372708,0.268853343728179,-0.220462042252806,1.29545095961221,20000,7
D21S11,Cauc,Asian,half_siblings,0,0.0458261002945277,0.186631876559507,-0.170292848731787,0.387709901188687,20000,7
D2S1338,Cauc,Asian,half_siblings,0,0.0440462633605204,0.162108607487047,-0.186828090523865,0.424530669759965,20000,7
D2S441,Cauc,Asian,half_siblings,0,0.0626285637640517,0.185840273382358,-0.0919157077173512,0.686452310566311,20000,7
D3S1358,Cauc,Asian,half_siblings,0,0.0320662227176307,0.148675370342931,-0.09055286007106,0.505097269480479,20000,7
D6S1043,Cauc,Asian,half_siblings,0,0.0409339087640681,0.131597389452363,-0.323600200450306,0.208718475878169,20000,7
D7S820,Cauc,Asian,half_siblings,0,0.0356886289417092,0.158831778417548,-0.151481035434129,0.470801687903047,20000,7
D8S1179,Cauc,Asian,half_siblings,0,0.0221095409997613,0.106605271582953,-0.139050016187182,0.141624436010917,20000,7
F13A01,Cauc,Asian,half_siblings,0,0.270478028172608,0.465585252289051,-0.435031886866372,1.11069829749369,20000,7
F13B,Cauc,Asian,half_siblings,0,0.104253991607674,0.253656681238651,-0.132719151598693,0.676464515099376,20000,7
FGA,Cauc,Asian,half_siblings,0,0.0126107013155871,0.0905062504792754,-0.076870172198263,0.187549496352914,20000,7
LPL,Cauc,Asian,half_siblings,0,0.0387976870564365,0.150687828434986,-0.120389934201368,0.319814156781478,20000,7
Penta_D,Cauc,Asian,half_siblings,0,0.0335794209305398,0.161119568227527,-0.131148318990086,0.694497713601526,20000,7
Penta_E,Cauc,Asian,half_siblings,0,0.198358010099071,0.528225233224538,-0.328182241707595,1.62516613621752,20000,7
SE33,Cauc,Asian,half_siblings,0,0.0262579128502149,0.179473735428,-0.239344944840875,0.543475353051322,20000,7
TH01,Cauc,Asian,half_siblings,0,0.167813558898012,0.308633034551109,-0.296974929024163,0.728968824162965,20000,7
vWA,Cauc,Asian,half_siblings,0,0.0324435185864874,0.156589405979834,-0.210267889720757,0.589825534910951,20000,7
TPOX,Cauc,Asian,half_siblings,-0.00553826240021343,0.00343349257637309,0.0497519743461808,-0.0430825764397988,0.156648086160217,20000,29
F13A01,Cauc,Asian,parent_child,0.247287294781921,0.403179760929942,0.641397393863298,-0.686128886341483,1.31007812464138,20000,1
D16S539,Cauc,Asian,parent_child,0.217088665486715,0.104480210744355,0.258811137533007,-0.523093833204188,0.253811472511456,20000,2
TH01,Cauc,Asian,parent_child,0.141199513860973,0.243161800403549,0.467284011472816,-0.570735467639414,0.922373892464379,20000,3
D5S818,Cauc,Asian,parent_child,0.114921786091091,0.0747416947260995,0.206983330514331,-0.612128152797637,0.274362572374845,20000,4
Penta_C,Cauc,Asian,parent_child,0.0987795573583291,0.133829193644044,0.360404116760161,-0.37616080288972,0.964980502346097,20000,5
D13S317,Cauc,Asian,parent_child,0.084329050997524,0.0681619189226223,0.28510131062428,-0.340286546261141,1.25024424300181,20000,6
Penta_E,Cauc,Asian,parent_child,0.0824770461359307,0.294110876355729,0.676560646267882,-0.421796454627346,1.84524237984229,20000,7
D19S433,Cauc,Asian,parent_child,0.0824770461359302,0.089274299067718,0.261666009755026,-0.535973361380202,0.741018393416339,20000,8
FESFPS,Cauc,Asian,parent_child,0.056922941663543,0.108416526190307,0.290354791769972,-0.659157370421952,0.483622194683181,20000,9
D6S1043,Cauc,Asian,parent_child,0.0252503759763556,0.0684900496787726,0.224204051418782,-0.445796731031112,0.297280307810822,20000,10
F13B,Cauc,Asian,parent_child,0.0177922305048392,0.158061055135905,0.394350272397629,-0.274317492117391,0.79099236837818,20000,11
D22S1045,Cauc,Asian,parent_child,0.0166012668678441,0.0688447825962545,0.233122827006899,-0.471810163396029,0.741018393416339,20000,12
CSF1PO,Cauc,Asian,parent_child,0,0.0249324796686928,0.120605609716109,-0.0308233830602968,0.154320105010847,20000,13
D10S1248,Cauc,Asian,parent_child,0,0.0108230725063663,0.0914196322602474,-0.354247194627645,0.132782164447327,20000,13
D12S391,Cauc,Asian,parent_child,0,0.0737058848639416,0.289088278989197,-0.247429077264281,0.93497380822322,20000,13
D18S51,Cauc,Asian,parent_child,0,0.0622102266143649,0.243760985826177,-0.246721565054744,0.497980344730048,20000,13
D1S1656,Cauc,Asian,parent_child,0,0.12019150135391,0.386405056900104,-0.304467578234643,1.38213183956544,20000,13
D21S11,Cauc,Asian,parent_child,0,0.0835560631136087,0.279270150106618,-0.246224376125909,0.751483827094507,20000,13
D3S1358,Cauc,Asian,parent_child,0,0.0512153630103453,0.233056836730834,-0.141386994715752,0.616785253197049,20000,13
D8S1179,Cauc,Asian,parent_child,0,0.0372768020622979,0.179079434814215,-0.445796731031114,0.214776882390599,20000,13
FGA,Cauc,Asian,parent_child,0,0.0215912011935106,0.143579122971761,-0.13140277380915,0.238824246995853,20000,13
LPL,Cauc,Asian,parent_child,0,0.0637514725633324,0.248005668294151,-0.183345641300685,0.876422563702804,20000,13
Penta_D,Cauc,Asian,parent_child,0,0.0521217470494652,0.241917227543053,-0.207959876030627,0.771687213182792,20000,13
SE33,Cauc,Asian,parent_child,0,0.0479190760549895,0.260018437292079,-0.315462962536108,0.838063795215164,20000,13
D2S441,Cauc,Asian,parent_child,-6.07280093332108e-05,0.101228631520315,0.288340553602536,-0.66250584099506,0.761702992276191,20000,25
vWA,Cauc,Asian,parent_child,-0.00844260318294063,0.0485639748551717,0.230695119444957,-0.324444261555398,0.708018133313416,20000,26
D2S1338,Cauc,Asian,parent_child,-0.00901871799026474,0.0633040890152523,0.251052127850784,-0.261432946009441,0.514976645567171,20000,27
D7S820,Cauc,Asian,parent_child,-0.0111339153343343,0.0586409339035669,0.246936110124938,-0.232982664950692,0.557807393237713,20000,28
TPOX,Cauc,Asian,parent_child,-0.017402122936111,0.00506083751009127,0.0809158727870324,-0.0665389353268299,0.207415782744231,20000,29
D5S818,Cauc,Asian,second_cousins,0.00077381615364025,0.00636396333347135,0.0169705156448278,-0.00489898482330904,0.0292707458713267,20000,1
CSF1PO,Cauc,Asian,second_cousins,0,0.00197858359178272,0.0122221872737515,-0.0046730610176051,0.0176845685264213,20000,2
D10S1248,Cauc,Asian,second_cousins,0,0.000989209843999131,0.00895684557479974,-0.00291259638340199,0.0169644349710796,20000,2
D12S391,Cauc,Asian,second_cousins,0,0.00838017156708102,0.0579086794262255,-0.0253903166350071,0.122950580128899,20000,2
D13S317,Cauc,Asian,second_cousins,0,0.00717712875171524,0.0616601208116595,-0.0370734181643094,0.053771217648265,20000,2
D16S539,Cauc,Asian,second_cousins,0,0.00917212845388753,0.0314196028314885,-0.0431733422663281,0.0396070528388076,20000,2
D18S51,Cauc,Asian,second_cousins,0,0.00748024214814436,0.0352462848406534,-0.0228653724608733,0.105451101691277,20000,2
D19S433,Cauc,Asian,second_cousins,0,0.00873836321212273,0.0421065156267297,-0.00510771409641366,0.0729189827158238,20000,2
D1S1656,Cauc,Asian,second_cousins,0,0.0147116321991759,0.08952619920968,-0.0382471928144712,0.162335375756149,20000,2
D21S11,Cauc,Asian,second_cousins,0,0.00922463218928585,0.0524571201147706,-0.0142133901583867,0.096924956645498,20000,2
D22S1045,Cauc,Asian,second_cousins,0,0.00727929871433334,0.0383754320326747,-0.0142944081385031,0.0232432721406225,20000,2
D2S1338,Cauc,Asian,second_cousins,0,0.00782788671126752,0.0327840282459185,-0.0379551543985075,0.11286452245502,20000,2
D2S441,Cauc,Asian,second_cousins,0,0.011043978108177,0.0439450050310194,-0.0129285635309095,0.0911565146943516,20000,2
D3S1358,Cauc,Asian,second_cousins,0,0.00651534826566011,0.0333486435838425,-0.0150715642759832,0.153543786074756,20000,2
D6S1043,Cauc,Asian,second_cousins,0,0.0069156976563357,0.0221061781941686,-0.0317365615297542,0.0461116742977103,20000,2
D7S820,Cauc,Asian,second_cousins,0,0.0071847266196566,0.0376572183060904,-0.0137743811163743,0.0921271973451929,20000,2
D8S1179,Cauc,Asian,second_cousins,0,0.00364268977740567,0.0256732787929239,-0.0198409905017754,0.0268975579353513,20000,2
F13A01,Cauc,Asian,second_cousins,0,0.0806943190012448,0.152612344514052,-0.0110136425751295,0.455495259301313,20000,2
F13B,Cauc,Asian,second_cousins,0,0.0222278476127408,0.0622707708063643,-0.0163478232289063,0.247784483710759,20000,2
FESFPS,Cauc,Asian,second_cousins,0,0.0108401686109863,0.0463407486904004,-0.0130493761325217,0.0848706523896204,20000,2
FGA,Cauc,Asian,second_cousins,0,0.00239352840037294,0.0234179106319292,-0.0113270589671891,0.0263494674019812,20000,2
LPL,Cauc,Asian,second_cousins,0,0.00647757785950954,0.0378622400784965,-0.0110784140812654,0.0560634375262837,20000,2
Penta_C,Cauc,Asian,second_cousins,0,0.0175912170619032,0.0685682037692715,-0.0259895453017735,0.269612617230521,20000,2
Penta_D,Cauc,Asian,second_cousins,0,0.007025323172224,0.0439416964453724,-0.0214451628572361,0.0536751279456848,20000,2
Penta_E,Cauc,Asian,second_cousins,0,0.0692852038780102,0.235054113066656,-0.032826195783931,0.857140442264063,20000,2
SE33,Cauc,Asian,second_cousins,0,0.0052245646551561,0.0544636657535084,-0.0376667972185691,0.084291022915049,20000,2
TH01,Cauc,Asian,second_cousins,0,0.0383577609612275,0.0738828760879023,-0.0408466533201385,0.217209145984547,20000,2
vWA,Cauc,Asian,second_cousins,0,0.00605756516695731,0.0376199291139706,-0.034397809471102,0.193444933594434,20000,2
TPOX,Cauc,Asian,second_cousins,-0.000525248704261277,0.000683261545912124,0.00931338078286885,-0.0072655243662458,0.0265498891800274,20000,29
CSF1PO,Cauc,Asian,unrelated,0,0,0,0,0,100000,1
D10S1248,Cauc,Asian,unrelated,0,0,0,0,0,100000,1
D12S391,Cauc,Asian,unrelated,0,0,0,0,0,100000,1
D13S317,Cauc,Asian,unrelated,0,0,0,0,0,100000,1
D16S539,Cauc,Asian,unrelated,0,0,0,0,0,100000,1
D18S51,Cauc,Asian,unrelated,0,0,0,0,0,100000,1
D19S433,Cauc,Asian,unrelated,0,0,0,0,0,100000,1
D1S1656,Cauc,Asian,unrelated,0,0,0,0,0,100000,1
D21S11,Cauc,Asian,unrelated,0,0,0,0,0,100000,1
D22S1045,Cauc,Asian,unrelated,0,0,0,0,0,100000,1
D2S1338,Cauc,Asian,unrelated,0,0,0,0,0,100000,1
D2S441,Cauc,Asian,unrelated,0,0,0,0,0,100000,1
D3S1358,Cauc,Asian,unrelated,0,0,0,0,0,100000,1
D5S818,Cauc,Asian,unrelated,0,0,0,0,0,100000,1
D6S1043,Cauc,Asian,unrelated,0,0,0,0,0,100000,1
D7S820,Cauc,Asian,unrelated,0,0,0,0,0,100000,1
D8S1179,Cauc,Asian,unrelated,0,0,0,0,0,100000,1
F13A01,Cauc,Asian,unrelated,0,0,0,0,0,100000,1
F13B,Cauc,Asian,unrelated,0,0,0,0,0,100000,1
FESFPS,Cauc,Asian,unrelated,0,0,0,0,0,100000,1
FGA,Cauc,Asian,unrelated,0,0,0,0,0,100000,1
LPL,Cauc,Asian,unrelated,0,0,0,0,0,100000,1
Penta_C,Cauc,Asian,unrelated,0,0,0,0,0,100000,1
Penta_D,Cauc,Asian,unrelated,0,0,0,0,0,100000,1
Penta_E,Cauc,Asian,unrelated,0,0,0,0,0,100000,1
SE33,Cauc,Asian,unrelated,0,0,0,0,0,100000,1
TH01,Cauc,Asian,unrelated,0,0,0,0,0,100000,1
TPOX,Cauc,Asian,unrelated,0,0,0,0,0,100000,1
vWA,Cauc,Asian,unrelated,0,0,0,0,0,100000,1
TPOX,Cauc,Hispanic,cousins,0.00156682550948966,0.00186665690091259,0.0193524608020924,-0.000815343728485657,0.0335540899815487,20000,1
CSF1PO,Cauc,Hispanic,cousins,0,0.00104529576181992,0.0169827563464447,-0.00771821011084373,0.0432992832640102,20000,2
D10S1248,Cauc,Hispanic,cousins,0,0.000925820808176674,0.0112262141142705,-0.010333472619755,0.0297865105712499,20000,2
D12S391,Cauc,Hispanic,cousins,0,0.00577100276733143,0.0392028178453662,-0.0340823084107964,0.0701144974732675,20000,2
D13S317,Cauc,Hispanic,cousins,0,0.00449290738110557,0.023457173480033,-0.0795139873281912,0.0368116466590097,20000,2
D16S539,Cauc,Hispanic,cousins,0,0.00338490718294985,0.021753565690347,-0.0266560150790727,0.0223392594287819,20000,2
D18S51,Cauc,Hispanic,cousins,0,0.000940015971034417,0.0216105312912466,-0.0153743823947645,0.0145819998729954,20000,2
D19S433,Cauc,Hispanic,cousins,0,0.00309448919139961,0.0362023652737736,0,0.0205020921324558,20000,2
D1S1656,Cauc,Hispanic,cousins,0,0.00587102420834084,0.0430903639257487,-0.045973289065438,0.146486512365454,20000,2
D21S11,Cauc,Hispanic,cousins,0,0.00190761817914216,0.019979984920906,-0.0375711729644255,0.045250876934369,20000,2
D22S1045,Cauc,Hispanic,cousins,0,0.00529640769381274,0.032835493949713,-0.0258838502419504,0.094905601047529,20000,2
D2S1338,Cauc,Hispanic,cousins,0,0.00317964836165786,0.0234196122620645,-0.0389273224176007,0.0493074080037196,20000,2
D2S441,Cauc,Hispanic,cousins,0,0.00257654178808783,0.016895600749749,-0.0242903843889748,0.0540828793448067,20000,2
D3S1358,Cauc,Hispanic,cousins,0,0.00186140559547051,0.0264025421073688,-0.015101836953849,0.0375995530386564,20000,2
D5S818,Cauc,Hispanic,cousins,0,0.00169335465860928,0.0148578649131153,-0.00635348382559245,0.0269949271736827,20000,2
D6S1043,Cauc,Hispanic,cousins,0,0.00795848958543886,0.0418949486373796,-0.0230018745111591,0.0527823092125271,20000,2
D7S820,Cauc,Hispanic,cousins,0,0.00354328416940956,0.0278580328876406,-0.0265912035227723,0.059749107155051,20000,2
D8S1179,Cauc,Hispanic,cousins,0,0.00278002614650791,0.0178989830210619,-0.0291765332254869,0.0369021294253436,20000,2
F13A01,Cauc,Hispanic,cousins,0,0.0132969872902831,0.0483033372802284,-0.000605897368749345,0.0734915183141937,20000,2
F13B,Cauc,Hispanic,cousins,0,0.00118751372777439,0.0147046108131198,-0.025376149041749,0.0303610481620785,20000,2
FESFPS,Cauc,Hispanic,cousins,0,0.00216992047531881,0.0197503805624043,-0.0128863973902732,0.0328344423400425,20000,2
FGA,Cauc,Hispanic,cousins,0,0.00507889938605733,0.0357259693264191,-0.0477964355353852,0.0422272062912734,20000,2
LPL,Cauc,Hispanic,cousins,0,0.00103893639360775,0.0144568379056132,-0.0139947136145057,0.029305346536011,20000,2
Penta_C,Cauc,Hispanic,cousins,0,0.00278861115154693,0.0239417921117742,-0.0283242941267229,0.0313763390078886,20000,2
Penta_D,Cauc,Hispanic,cousins,0,0.00340796346127184,0.0210121068377649,-0.0318478100429725,0.0461986706958425,20000,2
Penta_E,Cauc,Hispanic,cousins,0,0.00391448997376767,0.0310795422494602,-0.0306501208368813,0.0545124634227508,20000,2
SE33,Cauc,Hispanic,cousins,0,0.00457968397773076,0.0414925438948588,-0.0529508458529425,0.134142142710637,20000,2
TH01,Cauc,Hispanic,cousins,0,0.00354753753382334,0.0184309443172503,-0.0312480362353384,0.0412283246857072,20000,2
vWA,Cauc,Hispanic,cousins,0,0.00331511294174041,0.0242204910431867,-0.0346871331177293,0.102719036718771,20000,2
FGA,Cauc,Hispanic,full_siblings,0.0516118503399089,0.0353958362411887,0.137289649974582,-0.272953982758651,0.29515824416325,20000,1
D16S539,Cauc,Hispanic,full_siblings,0.0418056612502171,0.023753407304189,0.108768336938634,-0.355562169606622,0.153231907623782,20000,2
D6S1043,Cauc,Hispanic,full_siblings,0.0410268995368799,0.0540660624122003,0.165752354860034,-0.319259806714217,0.359866860262523,20000,3
D13S317,Cauc,Hispanic,full_siblings,0.0385152428117654,0.0281125423080977,0.130564845400736,-0.285429600995632,0.273973088958701,20000,4
D2S441,Cauc,Hispanic,full_siblings,0.0369566257437538,0.0162289450254211,0.0922977186935019,-0.161035609765948,0.167188555788975,20000,5
D8S1179,Cauc,Hispanic,full_siblings,0.0344478176323717,0.0168386854304023,0.0955430977568048,-0.164306270874023,0.184884042130081,20000,6
TPOX,Cauc,Hispanic,full_siblings,0.018522945876422,0.0120469373488139,0.0883979293582681,-0.350406722696209,0.140450988334603,20000,7
D19S433,Cauc,Hispanic,full_siblings,0.0137427530339245,0.022741511901055,0.125946264101534,-0.203445160138813,0.339447321313226,20000,8
F13A01,Cauc,Hispanic,full_siblings,0.0073765256539961,0.0805114153929043,0.223263481730431,-0.452761908860219,0.57790994136371,20000,9
Penta_C,Cauc,Hispanic,full_siblings,0.00466749689854801,0.0190396483598387,0.100420173985214,-0.145667822803333,0.17462426784814,20000,10
CSF1PO,Cauc,Hispanic,full_siblings,0,0.00705834862652084,0.0613538620327893,-0.052767919298757,0.129992520851892,20000,11
D10S1248,Cauc,Hispanic,full_siblings,0,0.00546065379347517,0.0577752152236886,-0.0861577043916907,0.148479998772501,20000,11
D12S391,Cauc,Hispanic,full_siblings,0,0.0360333687674441,0.160197674237427,-0.265011397902,0.419181660762581,20000,11
D18S51,Cauc,Hispanic,full_siblings,0,0.00506037029554351,0.0687734960495183,-0.156852395727986,0.0860404250377851,20000,11
D1S1656,Cauc,Hispanic,full_siblings,0,0.0310488589778401,0.164049581302223,-0.216615353767103,0.457771501968566,20000,11
D21S11,Cauc,Hispanic,full_siblings,0,0.0123285044476128,0.0930343184490134,-0.13903289516394,0.187756090283394,20000,11
D22S1045,Cauc,Hispanic,full_siblings,0,0.0310973246536713,0.143524659335391,-0.178482766019415,0.333114317258976,20000,11
D2S1338,Cauc,Hispanic,full_siblings,0,0.0168215582473851,0.111474174468467,-0.200055311668948,0.243523746200369,20000,11
D3S1358,Cauc,Hispanic,full_siblings,0,0.0116419997532728,0.0986824812655531,-0.110692128946176,0.168351969931002,20000,11
D5S818,Cauc,Hispanic,full_siblings,0,0.0141732751856881,0.0709999167576764,-0.0963550040099619,0.145900227601771,20000,11
D7S820,Cauc,Hispanic,full_siblings,0,0.0207326821241122,0.126658041171316,-0.160918238081876,0.347343459100116,20000,11
F13B,Cauc,Hispanic,full_siblings,0,0.0071420514717663,0.0673496415820236,-0.103463177672414,0.11876433830701,20000,11
FESFPS,Cauc,Hispanic,full_siblings,0,0.0155965479302017,0.0903988554026088,-0.213023126662055,0.190392729578558,20000,11
LPL,Cauc,Hispanic,full_siblings,0,0.00701046583316822,0.0681895290196614,-0.137075367936058,0.12571446665265,20000,11
Penta_D,Cauc,Hispanic,full_siblings,0,0.0218970889281973,0.108771927076992,-0.163336982026753,0.250469257448487,20000,11
Penta_E,Cauc,Hispanic,full_siblings,0,0.0259577292535749,0.131651147671578,-0.306430567056448,0.308763954595873,20000,11
SE33,Cauc,Hispanic,full_siblings,0,0.025617321675176,0.150301071272416,-0.242933763781986,0.35216600947112,20000,11
TH01,Cauc,Hispanic,full_siblings,0,0.0202125278732036,0.113851044105039,-0.156935896272173,0.311621474344379,20000,11
vWA,Cauc,Hispanic,full_siblings,0,0.0168403465111305,0.112794534410733,-0.181464042819539,0.327517501695699,20000,11
D13S317,Cauc,Hispanic,half_siblings,0.0281928870805242,0.0175906710442174,0.0773028025998192,-0.225481649401636,0.113184076029408,20000,1
D16S539,Cauc,Hispanic,half_siblings,0.0248262955570995,0.0120133090831755,0.0682082739812682,-0.24043952370927,0.0678771327624099,20000,2
TPOX,Cauc,Hispanic,half_siblings,0.00833587671569097,0.00681688674136149,0.0560489653063108,-0.00295658181499242,0.0944836587893359,20000,3
D2S441,Cauc,Hispanic,half_siblings,0.00725326313983554,0.00942770763282482,0.0553541837868116,-0.133073805861036,0.113031836667022,20000,4
F13A01,Cauc,Hispanic,half_siblings,0.00533053238680216,0.044032410384616,0.138523854087895,-0.356187633609802,0.256366091464273,20000,5
D19S433,Cauc,Hispanic,half_siblings,0.00383818828562059,0.0122990749895221,0.0837700874281148,-0.161835203862524,0.30217223241986,20000,6
Penta_C,Cauc,Hispanic,half_siblings,0.000876477556630347,0.0089605822634063,0.0663775423097815,-0.126184007305576,0.0928045525953159,20000,7
CSF1PO,Cauc,Hispanic,half_siblings,0,0.00381960655935345,0.0405019461031988,-0.0222449980379497,0.108741318333781,20000,8
D10S1248,Cauc,Hispanic,half_siblings,0,0.00325187139775046,0.0358826308256867,-0.0344088202380191,0.0859621836770421,20000,8
D12S391,Cauc,Hispanic,half_siblings,0,0.0178507290058021,0.103302168840872,-0.137440678104673,0.397332178647131,20000,8
D18S51,Cauc,Hispanic,half_siblings,0,0.00284257943820901,0.0487755162628938,-0.0607527419999723,0.0549589890346779,20000,8
D1S1656,Cauc,Hispanic,half_siblings,0,0.0167425555302179,0.109908420466186,-0.174510279945701,0.377684825281298,20000,8
D21S11,Cauc,Hispanic,half_siblings,0,0.00612411578753589,0.0603118584588293,-0.104869387890883,0.135526441414527,20000,8
D22S1045,Cauc,Hispanic,half_siblings,0,0.0183263763673493,0.0925097107352625,-0.070281328923428,0.270738069509575,20000,8
D2S1338,Cauc,Hispanic,half_siblings,0,0.0106593397986609,0.0709757664412049,-0.156252401040334,0.130026838712432,20000,8
D3S1358,Cauc,Hispanic,half_siblings,0,0.00601283529758501,0.0630563233156485,-0.045924874651356,0.0978434658985655,20000,8
D5S818,Cauc,Hispanic,half_siblings,0,0.00728974598739602,0.0468873594221487,-0.0742385937372418,0.0806006899919841,20000,8
D6S1043,Cauc,Hispanic,half_siblings,0,0.0282122241962825,0.104262296140304,-0.278467786870842,0.151616620917587,20000,8
D7S820,Cauc,Hispanic,half_siblings,0,0.0116807236487374,0.0811473060971941,-0.0890612983454739,0.211874079771613,20000,8
D8S1179,Cauc,Hispanic,half_siblings,0,0.00977918666465245,0.0576529934742857,-0.10826954947294,0.125767806822353,20000,8
F13B,Cauc,Hispanic,half_siblings,0,0.0039183356165383,0.0411611609774739,-0.0710582662083511,0.0848935751785999,20000,8
FESFPS,Cauc,Hispanic,half_siblings,0,0.0081852087322844,0.0560761506524071,-0.0363838021551342,0.0964485702709256,20000,8
FGA,Cauc,Hispanic,half_siblings,0,0.0175623604979903,0.0927458075436172,-0.165814398184445,0.135026583606824,20000,8
LPL,Cauc,Hispanic,half_siblings,0,0.00418346782753784,0.0423081192059131,-0.0401074112366883,0.0844803757967177,20000,8
Penta_D,Cauc,Hispanic,half_siblings,0,0.00991879835165269,0.0682281919171971,-0.0992736466832475,0.122580369384536,20000,8
Penta_E,Cauc,Hispanic,half_siblings,0,0.0143518195545012,0.0865944605320251,-0.245132873752425,0.26825662514606,20000,8
SE33,Cauc,Hispanic,half_siblings,0,0.0131813598086722,0.101681960445552,-0.205507458984701,0.250152256194385,20000,8
TH01,Cauc,Hispanic,half_siblings,0,0.0123470523083648,0.0667729861926237,-0.124649880939587,0.12823198558288,20000,8
vWA,Cauc,Hispanic,half_siblings,0,0.01011422270296,0.0729129407395106,-0.101685588902639,0.239747461592417,20000,8
FGA,Cauc,Hispanic,parent_child,0.0686620149324296,0.0331155225603293,0.140488321415603,-0.280922723626015,0.292526055784109,20000,1
D2S441,Cauc,Hispanic,parent_child,0.0606373692352849,0.0145258275541034,0.104159821951417,-0.20414873531123,0.136638182816718,20000,2
D6S1043,Cauc,Hispanic,parent_child,0.0590819881764808,0.0551418120675795,0.172315244573038,-0.374926897105844,0.221539288351759,20000,3
D16S539,Cauc,Hispanic,parent_child,0.0541593626018075,0.021656318658673,0.116914733077787,-0.423069690934891,0.0879462589169932,20000,4
vWA,Cauc,Hispanic,parent_child,0.0503387311345917,0.0182034394839539,0.121759450831042,-0.150331995065386,0.310254822744542,20000,5
SE33,Cauc,Hispanic,parent_child,0.0473538775851307,0.0255911760057174,0.153851714300906,-0.251541988566165,0.292526055784113,20000,6
D13S317,Cauc,Hispanic,parent_child,0.0459739140476536,0.0281527675000036,0.139945570245806,-0.328501774619833,0.173635438631012,20000,7
D8S1179,Cauc,Hispanic,parent_child,0.0411838443092387,0.0142795526311337,0.105372009297231,-0.198835638050163,0.157827481886655,20000,8
D2S1338,Cauc,Hispanic,parent_child,0.0394196124373126,0.0159283715890189,0.118376082942905,-0.218018954422502,0.230110380063282,20000,9
TPOX,Cauc,Hispanic,parent_child,0.0342085286926325,0.0129815394098518,0.0916126229211836,-0.397670024244403,0.135739951923814,20000,10
F13A01,Cauc,Hispanic,parent_child,0.0119716458299281,0.0761060605113842,0.230315824274171,-0.526158741036619,0.593556051448091,20000,11
D19S433,Cauc,Hispanic,parent_child,0.00932883725514583,0.0237364708341461,0.124042938752196,-0.209418782660585,0.349007411736559,20000,12
Penta_E,Cauc,Hispanic,parent_child,0.00573649923473946,0.024332352607889,0.13726793009521,-0.346446018876623,0.325318569180419,20000,13
Penta_C,Cauc,Hispanic,parent_child,0.00528434460576321,0.0176286062253456,0.109227362520466,-0.172360742518542,0.138045945741107,20000,14
D18S51,Cauc,Hispanic,parent_child,0.000802705604893372,0.0047012122543401,0.0698804160915368,-0.184595198935549,0.069858654687076,20000,15
CSF1PO,Cauc,Hispanic,parent_child,0,0.00715606091125737,0.0645558133926447,-0.0324160972852834,0.139098781364372,20000,16
D10S1248,Cauc,Hispanic,parent_child,0,0.00474588217027562,0.0620436445789475,-0.116883333275464,0.1255781761683,20000,16
D12S391,Cauc,Hispanic,parent_child,0,0.0317888494262654,0.163812995900009,-0.184595198935552,0.443793731114761,20000,16
D1S1656,Cauc,Hispanic,parent_child,0,0.028551501964907,0.168021730258812,-0.235747721382934,0.449649475763812,20000,16
D21S11,Cauc,Hispanic,parent_child,0,0.0117672958967491,0.0952128383661235,-0.149833092676341,0.204004783482344,20000,16
D22S1045,Cauc,Hispanic,parent_child,0,0.0272213083200793,0.150906120237611,-0.122303271465141,0.342604920127428,20000,16
D3S1358,Cauc,Hispanic,parent_child,0,0.0100380042940395,0.100640204497154,-0.0719725607187311,0.133693802169935,20000,16
D5S818,Cauc,Hispanic,parent_child,0,0.01266573977765,0.0809705284213279,-0.105413952887927,0.120671849671685,20000,16
D7S820,Cauc,Hispanic,parent_child,0,0.0194624197453008,0.13363424602685,-0.131604779196357,0.264721715801313,20000,16
F13B,Cauc,Hispanic,parent_child,0,0.00657193997943283,0.0727543468431806,-0.101620963870788,0.121342131223176,20000,16
FESFPS,Cauc,Hispanic,parent_child,0,0.015503881218942,0.0966064414075808,-0.237301549451554,0.14276373545078,20000,16
LPL,Cauc,Hispanic,parent_child,0,0.0063695619559911,0.0748846529500661,-0.148383026281107,0.12331031471248,20000,16
Penta_D,Cauc,Hispanic,parent_child,0,0.0190081525205529,0.115188424856078,-0.153851972430331,0.169638222360966,20000,16
TH01,Cauc,Hispanic,parent_child,0,0.0201039768298208,0.125714919755569,-0.184595198935553,0.198766923455012,20000,16
TPOX,Cauc,Hispanic,second_cousins,0.000806382894494954,0.00110582277355433,0.00905348427252684,-0.000431089461132371,0.0180509748477049,20000,1
CSF1PO,Cauc,Hispanic,second_cousins,0,0.000583133614616192,0.00691083714301818,-0.00412592650794012,0.00797722528409976,20000,2
D10S1248,Cauc,Hispanic,second_cousins,0,0.000474551261186454,0.00621827902458344,-0.00534640204451275,0.0159241749478929,20000,2
D12S391,Cauc,Hispanic,second_cousins,0,0.00322846409490571,0.0239503623939537,-0.0177152168409172,0.0353161545132772,20000,2
D13S317,Cauc,Hispanic,second_cousins,0,0.00239330863855116,0.0118770610406228,-0.0382074193624227,0.0193917607660466,20000,2
D16S539,Cauc,Hispanic,second_cousins,0,0.0016793715239861,0.0118761911254169,-0.0141573423343691,0.011111170657628,20000,2
D18S51,Cauc,Hispanic,second_cousins,0,0.000425846024902939,0.0139481828368656,-0.00801176536629601,0.00765885554891546,20000,2
D19S433,Cauc,Hispanic,second_cousins,0,0.00174945317674239,0.0195934234577227,0,0.00951164222947214,20000,2
D1S1656,Cauc,Hispanic,second_cousins,0,0.00284795425767162,0.0251124492150809,-0.0251262443138964,0.093703533645907,20000,2
D21S11,Cauc,Hispanic,second_cousins,0,0.00108021327198123,0.011611272646478,-0.020260065555174,0.023990864521976,20000,2
D22S1045,Cauc,Hispanic,second_cousins,0,0.00305504616745779,0.0180149752105118,-0.010135410198639,0.0522506606598908,20000,2
D2S1338,Cauc,Hispanic,second_cousins,0,0.0016066114681187,0.0127172205940282,-0.0202536448137722,0.0270342635772651,20000,2
D2S441,Cauc,Hispanic,second_cousins,0,0.00146721866519826,0.00996675786928383,-0.0121160561375553,0.0233423308549229,20000,2
D3S1358,Cauc,Hispanic,second_cousins,0,0.000964111256887137,0.0156887328408821,-0.00797075274898174,0.0206601729720705,20000,2
D5S818,Cauc,Hispanic,second_cousins,0,0.000966575743478734,0.0074019506642712,-0.00324349285530177,0.0143127885572993,20000,2
D6S1043,Cauc,Hispanic,second_cousins,0,0.00433275894930189,0.0266662502373654,-0.012524788149146,0.0282762306229722,20000,2
D7S820,Cauc,Hispanic,second_cousins,0,0.00211323514787501,0.0168925029449535,-0.0123141496911174,0.0317897205717033,20000,2
D8S1179,Cauc,Hispanic,second_cousins,0,0.00143408769996698,0.00950996455997764,-0.0147889985937627,0.0208719679093347,20000,2
F13A01,Cauc,Hispanic,second_cousins,0,0.00740921107609012,0.0314029056580166,-0.00033004893155146,0.039262296916193,20000,2
F13B,Cauc,Hispanic,second_cousins,0,0.000610322917865039,0.00918425067616631,-0.0136678878462374,0.0163609864447739,20000,2
FESFPS,Cauc,Hispanic,second_cousins,0,0.00115621665169897,0.0135140991882872,-0.00370811870248671,0.0174798744955235,20000,2
FGA,Cauc,Hispanic,second_cousins,0,0.00267024569743095,0.0210545337819697,-0.0260977654846368,0.0228985188556089,20000,2
LPL,Cauc,Hispanic,second_cousins,0,0.000699211915319989,0.00711170988620715,-0.00460429969938248,0.0156709814713362,20000,2
Penta_C,Cauc,Hispanic,second_cousins,0,0.00141002135060782,0.0130478979690729,-0.0145017111813558,0.0166752122166733,20000,2
Penta_D,Cauc,Hispanic,second_cousins,0,0.00169725380395312,0.0133038187376672,-0.0167220634330869,0.0252565880528987,20000,2
Penta_E,Cauc,Hispanic,second_cousins,0,0.00218075352222917,0.0176579460470552,-0.0135386094269888,0.0310701475211419,20000,2
SE33,Cauc,Hispanic,second_cousins,0,0.00231194125729867,0.0239272394354773,-0.0292210325304111,0.0691114495826512,20000,2
TH01,Cauc,Hispanic,second_cousins,0,0.00195124725872328,0.00957870558289463,-0.0120685347638168,0.0216660938860337,20000,2
vWA,Cauc,Hispanic,second_cousins,0,0.00168197251074319,0.0135510421738936,-0.0162914639093359,0.0585010421332495,20000,2
CSF1PO,Cauc,Hispanic,unrelated,0,0,0,0,0,100000,1
D10S1248,Cauc,Hispanic,unrelated,0,0,0,0,0,100000,1
D12S391,Cauc,Hispanic,unrelated,0,0,0,0,0,100000,1
D13S317,Cauc,Hispanic,unrelated,0,0,0,0,0,100000,1
D16S539,Cauc,Hispanic,unrelated,0,0,0,0,0,100000,1
D18S51,Cauc,Hispanic,unrelated,0,0,0,0,0,100000,1
D19S433,Cauc,Hispanic,unrelated,0,0,0,0,0,100000,1
D1S1656,Cauc,Hispanic,unrelated,0,0,0,0,0,100000,1
D21S11,Cauc,Hispanic,unrelated,0,0,0,0,0,100000,1
D22S1045,Cauc,Hispanic,unrelated,0,0,0,0,0,100000,1
D2S1338,Cauc,Hispanic,unrelated,0,0,0,0,0,100000,1
D2S441,Cauc,Hispanic,unrelated,0,0,0,0,0,100000,1
D3S1358,Cauc,Hispanic,unrelated,0,0,0,0,0,100000,1
D5S818,Cauc,Hispanic,unrelated,0,0,0,0,0,100000,1
D6S1043,Cauc,Hispanic,unrelated,0,0,0,0,0,100000,1
D7S820,Cauc,Hispanic,unrelated,0,0,0,0,0,100000,1
D8S1179,Cauc,Hispanic,unrelated,0,0,0,0,0,100000,1
F13A01,Cauc,Hispanic,unrelated,0,0,0,0,0,100000,1
F13B,Cauc,Hispanic,unrelated,0,0,0,0,0,100000,1
FESFPS,Cauc,Hispanic,unrelated,0,0,0,0,0,100000,1
FGA,Cauc,Hispanic,unrelated,0,0,0,0,0,100000,1
LPL,Cauc,Hispanic,unrelated,0,0,0,0,0,100000,1
Penta_C,Cauc,Hispanic,unrelated,0,0,0,0,0,100000,1
Penta_D,Cauc,Hispanic,unrelated,0,0,0,0,0,100000,1
Penta_E,Cauc,Hispanic,unrelated,0,0,0,0,0,100000,1
SE33,Cauc,Hispanic,unrelated,0,0,0,0,0,100000,1
TH01,Cauc,Hispanic,unrelated,0,0,0,0,0,100000,1
TPOX,Cauc,Hispanic,unrelated,0,0,0,0,0,100000,1
vWA,Cauc,Hispanic,unrelated,0,0,0,0,0,100000,1
D22S1045,Hispanic,AfAm,cousins,0.0227004649964168,0.0148884630805145,0.0437074926442587,-0.0978740411106747,0.0697428203744624,20000,1
TPOX,Hispanic,AfAm,cousins,0.00937527725428414,0.0122221644211466,0.0530231307141258,-0.0678240620968281,0.24324734723584,20000,2
D10S1248,Hispanic,AfAm,cousins,0.00457712243522949,0.0037806993010515,0.0259440266910644,0,0.0168127267939763,20000,3
F13B,Hispanic,AfAm,cousins,0.000729341729445034,0.0351717730814344,0.0601394967319242,-0.0717166752016613,0.126253277177933,20000,4
CSF1PO,Hispanic,AfAm,cousins,0,0.00406369374713687,0.0220312071250241,-0.0051396396524122,0.0311773712316218,20000,5
D12S391,Hispanic,AfAm,cousins,0,0.00899032831890972,0.0498047201895583,-0.0824802975854143,0.11225996238451,20000,5
D13S317,Hispanic,AfAm,cousins,0,0.02864970343696,0.0899729853991681,-0.0466948923566165,0.237076288051873,20000,5
D16S539,Hispanic,AfAm,cousins,0,0.00214823771345856,0.0169989208184073,-0.0212623864978702,0.0305454078324462,20000,5
D18S51,Hispanic,AfAm,cousins,0,0.014077339760253,0.0646257283833355,-0.0509998779232291,0.16160473948908,20000,5
D19S433,Hispanic,AfAm,cousins,0,0.00865934007913712,0.0492047951999595,-0.0777206233689711,0.0729287128651906,20000,5
D1S1656,Hispanic,AfAm,cousins,0,0.0126277557537227,0.0487150360768185,-0.0596602923474745,0.141438851706608,20000,5
D21S11,Hispanic,AfAm,cousins,0,0.011248103225754,0.0426597349623523,-0.0741513511990966,0.0968156210802502,20000,5
D2S1338,Hispanic,AfAm,cousins,0,0.00908481850383283,0.0347027990439895,-0.0181739689285855,0.103056700666653,20000,5
D2S441,Hispanic,AfAm,cousins,0,0.0284015615651304,0.070516133170599,-0.0267819297044021,0.18185877895007,20000,5
D3S1358,Hispanic,AfAm,cousins,0,0.00316686586773738,0.0266022112352964,-0.0183757070007859,0.100415069667329,20000,5
D5S818,Hispanic,AfAm,cousins,0,0.0105372041678178,0.0676963117278125,-0.0596932685039682,0.0714217057453861,20000,5
D6S1043,Hispanic,AfAm,cousins,0,0.0162401802814423,0.121664157736534,-0.0433720025922059,0.102569162319054,20000,5
D7S820,Hispanic,AfAm,cousins,0,0.00533831275023262,0.0296688029316074,-0.0493369352205818,0.0581084451727979,20000,5
D8S1179,Hispanic,AfAm,cousins,0,0.00581394572479078,0.0397609064032238,-0.0311843256194027,0.194250902633982,20000,5
F13A01,Hispanic,AfAm,cousins,0,0.0105796642679752,0.0371482604074864,-0.0295906759706063,0.0706443495265223,20000,5
FESFPS,Hispanic,AfAm,cousins,0,0.00771916239633101,0.0338000098650703,-0.00753182588657806,0.040650105729065,20000,5
FGA,Hispanic,AfAm,cousins,0,0.00462941492066996,0.0460368366936089,-0.0295201588162336,0.0704776585257484,20000,5
LPL,Hispanic,AfAm,cousins,0,0.00655826213987425,0.0267261434640939,-0.0310171768312236,0.0449827447913858,20000,5
Penta_C,Hispanic,AfAm,cousins,0,0.00242829695689559,0.0225410835847972,-0.0181380099567677,0.0295309046321887,20000,5
Penta_D,Hispanic,AfAm,cousins,0,0.015389045568088,0.0530151411878526,-0.0112078360497266,0.0945826642833058,20000,5
Penta_E,Hispanic,AfAm,cousins,0,0.0119771063957859,0.0569195258198905,-0.0124388088600598,0.0936240365608288,20000,5
SE33,Hispanic,AfAm,cousins,0,0.010010427961748,0.0617314210669055,-0.06843410095378,0.20355941836245,20000,5
TH01,Hispanic,AfAm,cousins,0,0.0111895308505227,0.0370133279990878,-0.0657572391051643,0.117637400134911,20000,5
vWA,Hispanic,AfAm,cousins,0,0.00115026128849293,0.0149974788659374,-0.0219199325685585,0.0186919558982298,20000,5
F13B,Hispanic,AfAm,full_siblings,0.183799272839325,0.193706720799893,0.320368830519116,-0.39261658483493,0.854470398723966,20000,1
D22S1045,Hispanic,AfAm,full_siblings,0.171929416675772,0.0951389742077863,0.224038641678683,-0.409934768763229,0.414461649925538,20000,2
Penta_D,Hispanic,AfAm,full_siblings,0.129134851201909,0.105461115111055,0.226348681466274,-0.675689365058406,0.525745871756236,20000,3
F13A01,Hispanic,AfAm,full_siblings,0.0922545770669482,0.0707790188295514,0.180164706817561,-0.312118967829594,0.365263069125796,20000,4
D2S1338,Hispanic,AfAm,full_siblings,0.0789086311652181,0.0584178719372101,0.175428685865482,-0.387599879130737,0.376061496048916,20000,5
LPL,Hispanic,AfAm,full_siblings,0.0782679029519981,0.0418659825255753,0.147435196966141,-0.38822897940477,0.267148296560038,20000,6
FESFPS,Hispanic,AfAm,full_siblings,0.0690440781859035,0.0498621439349615,0.15702705766622,-0.0965261142751559,0.319519950187164,20000,7
TPOX,Hispanic,AfAm,full_siblings,0.0650305146918155,0.0740382124804813,0.21872336256607,-0.281809618714909,0.63736095565989,20000,8
Penta_E,Hispanic,AfAm,full_siblings,0.0599722951344937,0.0774434086309364,0.215799710770957,-0.452026533491269,0.533891855678285,20000,9
D10S1248,Hispanic,AfAm,full_siblings,0.0503521852494948,0.0278934011103931,0.114122087210743,-0.42212270613205,0.135910687811733,20000,10
CSF1PO,Hispanic,AfAm,full_siblings,0.0405255862728389,0.0269117191922609,0.113148303994328,-0.215641666101368,0.155621844003728,20000,11
Penta_C,Hispanic,AfAm,full_siblings,0.0293795661870703,0.0169028384165293,0.0948776184253285,-0.171622380267381,0.144700993824676,20000,12
vWA,Hispanic,AfAm,full_siblings,0.0126574347728659,0.0097086530604334,0.062039395831557,-0.105998534032518,0.110703276022373,20000,13
D21S11,Hispanic,AfAm,full_siblings,0.00514827780433746,0.0713322272738897,0.196286360808558,-0.348394756471545,0.453513970468752,20000,14
D12S391,Hispanic,AfAm,full_siblings,0,0.0545093010006556,0.197243436063286,-0.304387925345213,0.500980395219598,20000,15
D13S317,Hispanic,AfAm,full_siblings,0,0.130932987880665,0.343057683044805,-0.296075796399548,1.04423813347824,20000,15
D16S539,Hispanic,AfAm,full_siblings,0,0.0123885124830849,0.0904508052464432,-0.20039966304061,0.198708937044158,20000,15
D18S51,Hispanic,AfAm,full_siblings,0,0.0726035541361089,0.247371953184194,-0.330263720859985,0.656713596677592,20000,15
D19S433,Hispanic,AfAm,full_siblings,0,0.0601772009364488,0.20358172019279,-0.400724158763524,0.410593866383399,20000,15
D1S1656,Hispanic,AfAm,full_siblings,0,0.0694432111335284,0.220649371245481,-0.292462142288884,0.563391158425011,20000,15
D2S441,Hispanic,AfAm,full_siblings,0,0.137177846211293,0.318369744154227,-0.531729089663489,1.01668735358481,20000,15
D3S1358,Hispanic,AfAm,full_siblings,0,0.0170361725587573,0.110706939078642,-0.100089987298211,0.315488137401073,20000,15
D5S818,Hispanic,AfAm,full_siblings,0,0.0691559186920285,0.238396471218217,-0.289346403073718,1.02102327703493,20000,15
D6S1043,Hispanic,AfAm,full_siblings,0,0.0758755405097962,0.322738658121158,-0.321601785058004,1.4280841503949,20000,15
D7S820,Hispanic,AfAm,full_siblings,0,0.0326475956423742,0.143971886321677,-0.257149242754645,0.373871063680587,20000,15
D8S1179,Hispanic,AfAm,full_siblings,0,0.0291048828846569,0.156241889517362,-0.214135219176387,0.456714797369767,20000,15
FGA,Hispanic,AfAm,full_siblings,0,0.0360124493181879,0.157544836128278,-0.135986285580528,0.351808776231085,20000,15
SE33,Hispanic,AfAm,full_siblings,0,0.0575940620223688,0.219115089967956,-0.364671263791376,0.621172069320358,20000,15
TH01,Hispanic,AfAm,full_siblings,0,0.0611087989583555,0.198783800278833,-0.292690268155091,0.518756093070957,20000,15
D22S1045,Hispanic,AfAm,half_siblings,0.0991710474985287,0.0513822123578008,0.136438635894082,-0.325455894964963,0.172126310966116,20000,1
LPL,Hispanic,AfAm,half_siblings,0.0519083389014115,0.0231166565794538,0.0891618276722344,-0.148708478285086,0.155622863032544,20000,2
TPOX,Hispanic,AfAm,half_siblings,0.0446298650287372,0.0387638907778445,0.139519618867953,-0.207755283612254,0.487518458319437,20000,3
D10S1248,Hispanic,AfAm,half_siblings,0.0218453331552621,0.0141598525422018,0.0714336625564305,-0.0825155770664401,0.055057513638639,20000,4
CSF1PO,Hispanic,AfAm,half_siblings,0.0197095568990177,0.0148060926605867,0.0696624471694817,-0.0182248201061995,0.0851512351510886,20000,5
F13A01,Hispanic,AfAm,half_siblings,0.00385404878202533,0.0362294280175773,0.114690335546667,-0.15866210885905,0.194546821407696,20000,6
F13B,Hispanic,AfAm,half_siblings,0.00371214727260366,0.11035247326534,0.192340544616942,-0.259400850873722,0.427235199361982,20000,7
Penta_D,Hispanic,AfAm,half_siblings,0.00187182529939456,0.0546837837210284,0.146935693335287,-0.0476800149294333,0.384686367833432,20000,8
vWA,Hispanic,AfAm,half_siblings,0.000404747915504322,0.00434278175831736,0.0397076680613804,-0.0827698323302973,0.0616966916621214,20000,9
D12S391,Hispanic,AfAm,half_siblings,0,0.0286567552002777,0.125803068173874,-0.233278211397138,0.249999133507761,20000,10
D13S317,Hispanic,AfAm,half_siblings,0,0.0788260658473372,0.228468738239986,-0.153412885396062,0.535364456828398,20000,10
D16S539,Hispanic,AfAm,half_siblings,0,0.00723094763084697,0.0547265771386501,-0.0880561398572266,0.0895242339642849,20000,10
D18S51,Hispanic,AfAm,half_siblings,0,0.0419253458434061,0.162162354857279,-0.25781636661413,0.369610370816274,20000,10
D19S433,Hispanic,AfAm,half_siblings,0,0.032052199358086,0.133175574085487,-0.23948360491421,0.187486536533096,20000,10
D1S1656,Hispanic,AfAm,half_siblings,0,0.0372422050763792,0.141976483532602,-0.235158100110839,0.351215134764077,20000,10
D21S11,Hispanic,AfAm,half_siblings,0,0.0384193514864108,0.123374719095172,-0.24049566980097,0.252584728266944,20000,10
D2S1338,Hispanic,AfAm,half_siblings,0,0.0305390670784243,0.110520646476017,-0.279886217738876,0.225290996027374,20000,10
D2S441,Hispanic,AfAm,half_siblings,0,0.0852640030808882,0.203351205439595,-0.230517185938734,0.443432026459018,20000,10
D3S1358,Hispanic,AfAm,half_siblings,0,0.00957251045717773,0.0724176396505596,-0.0471657425755295,0.249070013456206,20000,10
D5S818,Hispanic,AfAm,half_siblings,0,0.0347431751246043,0.154136271297033,-0.194462949126726,0.185738599392543,20000,10
D6S1043,Hispanic,AfAm,half_siblings,0,0.0457560980458645,0.233704236113372,-0.188092537221774,0.704261249752665,20000,10
D7S820,Hispanic,AfAm,half_siblings,0,0.0181496963129031,0.0899938916769698,-0.165740038707978,0.199439183396448,20000,10
D8S1179,Hispanic,AfAm,half_siblings,0,0.0160656422148536,0.105565518664759,-0.127427967979196,0.395019595913187,20000,10
FESFPS,Hispanic,AfAm,half_siblings,0,0.0269150022946668,0.0995182575688095,-0.030905895010732,0.185451416233502,20000,10
FGA,Hispanic,AfAm,half_siblings,0,0.017140517788792,0.103107055563012,-0.0937392855067281,0.246926118360398,20000,10
Penta_C,Hispanic,AfAm,half_siblings,0,0.00880420558701263,0.0616361693969041,-0.153185639690006,0.0793107444528897,20000,10
Penta_E,Hispanic,AfAm,half_siblings,0,0.0409925471847225,0.143624313583633,-0.339886200789479,0.413867568934467,20000,10
SE33,Hispanic,AfAm,half_siblings,0,0.0328874065369041,0.153013759313024,-0.236989122282103,0.372492886459555,20000,10
TH01,Hispanic,AfAm,half_siblings,0,0.0347252094142172,0.119614913225912,-0.216162379470283,0.273753754050103,20000,10
F13B,Hispanic,AfAm,parent_child,0.236365055505221,0.174146022240438,0.328893974535266,-0.477462722067696,0.532601776392778,20000,1
D22S1045,Hispanic,AfAm,parent_child,0.228781713598968,0.0878954837174201,0.239817562132123,-0.449218414207925,0.261326751644172,20000,2
Penta_D,Hispanic,AfAm,parent_child,0.159165254767262,0.105654118183178,0.222768070135063,-0.752030966507251,0.451023262284014,20000,3
LPL,Hispanic,AfAm,parent_child,0.14247199302997,0.0412819388050355,0.159925333188648,-0.487245907894906,0.204823030971436,20000,4
F13A01,Hispanic,AfAm,parent_child,0.119221941757853,0.0646447132658662,0.19511995434991,-0.316007151633634,0.256950457990022,20000,5
D12S391,Hispanic,AfAm,parent_child,0.106182735948298,0.0510776184488646,0.202597401309609,-0.339488247483157,0.446522465622214,20000,6
TPOX,Hispanic,AfAm,parent_child,0.0889256932951991,0.0744365676038696,0.215576103927934,-0.320556588458505,0.5947659509476,20000,7
D2S1338,Hispanic,AfAm,parent_child,0.0880070047505997,0.0549731650521039,0.181227418911108,-0.380649986354682,0.278499701803883,20000,8
Penta_E,Hispanic,AfAm,parent_child,0.0739639273671273,0.0743768194638727,0.219111294380213,-0.479863954272304,0.46214409875001,20000,9
Penta_C,Hispanic,AfAm,parent_child,0.073158932730899,0.0177846502339886,0.0995268644485679,-0.178833958608322,0.110421394849842,20000,10
D10S1248,Hispanic,AfAm,parent_child,0.0550607106381025,0.0293249292023047,0.117530713579658,-0.487245907894906,0.0887722815687098,20000,11
D1S1656,Hispanic,AfAm,parent_child,0.0546587721717431,0.0652467147162103,0.228222257548418,-0.344035875233877,0.474733226058032,20000,12
CSF1PO,Hispanic,AfAm,parent_child,0.0512391129136069,0.0301064576791442,0.109551582148541,-0.228856975914732,0.103736000001212,20000,13
FESFPS,Hispanic,AfAm,parent_child,0.0252419578427158,0.0522466434439752,0.157068500914405,-0.0833936406810409,0.228060892716642,20000,14
vWA,Hispanic,AfAm,parent_child,0.0187462162811008,0.00891208411044575,0.0683435372297674,-0.123648279863498,0.0819328570384046,20000,15
D21S11,Hispanic,AfAm,parent_child,0.00621214310028706,0.0670988618088782,0.208337355968048,-0.432512720705072,0.316016063071773,20000,16
FGA,Hispanic,AfAm,parent_child,0.000817111213578303,0.0362398338596171,0.157889405443868,-0.147469030468399,0.279213415164023,20000,17
D13S317,Hispanic,AfAm,parent_child,0,0.117476089372467,0.349564200646804,-0.249928951256356,0.691480869758917,20000,18
D16S539,Hispanic,AfAm,parent_child,0,0.0129039938139775,0.0966718961025639,-0.192535829454933,0.132257363063556,20000,18
D18S51,Hispanic,AfAm,parent_child,0,0.0699990206320288,0.250674689134244,-0.328972128798003,0.477384065306745,20000,18
D19S433,Hispanic,AfAm,parent_child,0,0.0600719561307721,0.211127495809598,-0.404480074665152,0.226931387575672,20000,18
D2S441,Hispanic,AfAm,parent_child,0,0.124678132826783,0.325132241207794,-0.661515419019116,0.599083233843544,20000,18
D3S1358,Hispanic,AfAm,parent_child,0,0.0141104689149126,0.113957868976569,-0.0630758623452309,0.333477489622465,20000,18
D5S818,Hispanic,AfAm,parent_child,0,0.0587968406796954,0.237761320331221,-0.316007151633634,1.02624458075814,20000,18
D6S1043,Hispanic,AfAm,parent_child,0,0.0758873210048001,0.321438066704393,-0.352990717886803,1.46214409875001,20000,18
D7S820,Hispanic,AfAm,parent_child,0,0.0302459927738505,0.151113798759264,-0.276135639595944,0.368744072883288,20000,18
D8S1179,Hispanic,AfAm,parent_child,0,0.0284554018785871,0.161469285396198,-0.242309625265933,0.482347484838297,20000,18
SE33,Hispanic,AfAm,parent_child,0,0.0565784979604059,0.218638324259807,-0.303232863597205,0.420599002822751,20000,18
TH01,Hispanic,AfAm,parent_child,0,0.0565115107106316,0.208421850354433,-0.332522239699195,0.354407392249334,20000,18
D22S1045,Hispanic,AfAm,second_cousins,0.0111978060209186,0.00819081454707411,0.0237613122448095,-0.0396535647849593,0.0389658132187876,20000,1
TPOX,Hispanic,AfAm,second_cousins,0.00456647010176735,0.00634625236940032,0.029770497599117,-0.0358203734047266,0.147142440189348,20000,2
D10S1248,Hispanic,AfAm,second_cousins,0.00232005000679609,0.00212168648050151,0.0128134049356394,0,0.00872998738785654,20000,3
F13B,Hispanic,AfAm,second_cousins,0.000366696205289663,0.0185673543660131,0.032201251754737,-0.036628434618334,0.0682422171167123,20000,4
CSF1PO,Hispanic,AfAm,second_cousins,0,0.00202489446500474,0.0120503927329183,-0.00272856069407063,0.00946137119723189,20000,5
D12S391,Hispanic,AfAm,second_cousins,0,0.00487720077347083,0.0287134111924935,-0.0444394486327615,0.0677014283641947,20000,5
D13S317,Hispanic,AfAm,second_cousins,0,0.0158182202270717,0.051879461511543,-0.0242566204884487,0.142938248679102,20000,5
D16S539,Hispanic,AfAm,second_cousins,0,0.0010889976011153,0.00927065961208631,-0.0110002084824557,0.0162688770330407,20000,5
D18S51,Hispanic,AfAm,second_cousins,0,0.00723733654098801,0.0417815863090172,-0.0278281791793054,0.093100498514347,20000,5
D19S433,Hispanic,AfAm,second_cousins,0,0.00499979084959085,0.0307955699378336,-0.0187015016569684,0.0314578620626215,20000,5
D1S1656,Hispanic,AfAm,second_cousins,0,0.006400810087168,0.0273752616258809,-0.0308008254497939,0.0793233921084082,20000,5
D21S11,Hispanic,AfAm,second_cousins,0,0.00600219551756136,0.0236677492723081,-0.0386975612386608,0.0552392179837336,20000,5
D2S1338,Hispanic,AfAm,second_cousins,0,0.00449455940990412,0.0186449918595434,-0.00665088774336175,0.0460203966053297,20000,5
D2S441,Hispanic,AfAm,second_cousins,0,0.0150710304000086,0.0381923020501428,-0.0142863335798317,0.103004729641183,20000,5
D3S1358,Hispanic,AfAm,second_cousins,0,0.00163651983955464,0.0141950626051386,-0.00876817278641321,0.0561282374500171,20000,5
D5S818,Hispanic,AfAm,second_cousins,0,0.00633557364882841,0.048259517431747,-0.0310888860375205,0.0403408576299832,20000,5
D6S1043,Hispanic,AfAm,second_cousins,0,0.00953285033665241,0.0856975708022966,-0.0237605412607082,0.0570247935735389,20000,5
D7S820,Hispanic,AfAm,second_cousins,0,0.00273665155936543,0.0164910660790858,-0.0255158702373973,0.0311002797020966,20000,5
D8S1179,Hispanic,AfAm,second_cousins,0,0.00293885204474663,0.0224202750186568,-0.0161731702991268,0.109802644656672,20000,5
F13A01,Hispanic,AfAm,second_cousins,0,0.00560913831355816,0.0218397054797003,-0.0148001379590641,0.0410892974717896,20000,5
FESFPS,Hispanic,AfAm,second_cousins,0,0.00348615173372144,0.0209435071560856,-0.00404766171831659,0.0221660483615335,20000,5
FGA,Hispanic,AfAm,second_cousins,0,0.00249530692464839,0.0273364901082042,-0.0154352867677638,0.0407363536415848,20000,5
LPL,Hispanic,AfAm,second_cousins,0,0.00338702220064228,0.0152238220356636,-0.0164285757947235,0.0241077108234578,20000,5
Penta_C,Hispanic,AfAm,second_cousins,0,0.00141744300451498,0.0123706129664283,-0.00969675435173678,0.0160827553115291,20000,5
Penta_D,Hispanic,AfAm,second_cousins,0,0.00816275495217238,0.0323304687389856,-0.00577347081975394,0.0560844816231,20000,5
Penta_E,Hispanic,AfAm,second_cousins,0,0.00609140268558682,0.034455312968453,-0.00676679846977897,0.054366557333948,20000,5
SE33,Hispanic,AfAm,second_cousins,0,0.00539211975153473,0.0375778534936016,-0.0252895649734945,0.129394705814401,20000,5
TH01,Hispanic,AfAm,second_cousins,0,0.00555800242494692,0.0195509959688299,-0.0223073573016524,0.0545592798236263,20000,5
vWA,Hispanic,AfAm,second_cousins,0,0.000660156433996926,0.00907655280815847,-0.0113033966520606,0.00823298791497967,20000,5
CSF1PO,Hispanic,AfAm,unrelated,0,0,0,0,0,100000,1
D10S1248,Hispanic,AfAm,unrelated,0,0,0,0,0,100000,1
D12S391,Hispanic,AfAm,unrelated,0,0,0,0,0,100000,1
D13S317,Hispanic,AfAm,unrelated,0,0,0,0,0,100000,1
D16S539,Hispanic,AfAm,unrelated,0,0,0,0,0,100000,1
D18S51,Hispanic,AfAm,unrelated,0,0,0,0,0,100000,1
D19S433,Hispanic,AfAm,unrelated,0,0,0,0,0,100000,1
D1S1656,Hispanic,AfAm,unrelated,0,0,0,0,0,100000,1
D21S11,Hispanic,AfAm,unrelated,0,0,0,0,0,100000,1
D22S1045,Hispanic,AfAm,unrelated,0,0,0,0,0,100000,1
D2S1338,Hispanic,AfAm,unrelated,0,0,0,0,0,100000,1
D2S441,Hispanic,AfAm,unrelated,0,0,0,0,0,100000,1
D3S1358,Hispanic,AfAm,unrelated,0,0,0,0,0,100000,1
D5S818,Hispanic,AfAm,unrelated,0,0,0,0,0,100000,1
D6S1043,Hispanic,AfAm,unrelated,0,0,0,0,0,100000,1
D7S820,Hispanic,AfAm,unrelated,0,0,0,0,0,100000,1
D8S1179,Hispanic,AfAm,unrelated,0,0,0,0,0,100000,1
F13A01,Hispanic,AfAm,unrelated,0,0,0,0,0,100000,1
F13B,Hispanic,AfAm,unrelated,0,0,0,0,0,100000,1
FESFPS,Hispanic,AfAm,unrelated,0,0,0,0,0,100000,1
FGA,Hispanic,AfAm,unrelated,0,0,0,0,0,100000,1
LPL,Hispanic,AfAm,unrelated,0,0,0,0,0,100000,1
Penta_C,Hispanic,AfAm,unrelated,0,0,0,0,0,100000,1
Penta_D,Hispanic,AfAm,unrelated,0,0,0,0,0,100000,1
Penta_E,Hispanic,AfAm,unrelated,0,0,0,0,0,100000,1
SE33,Hispanic,AfAm,unrelated,0,0,0,0,0,100000,1
TH01,Hispanic,AfAm,unrelated,0,0,0,0,0,100000,1
TPOX,Hispanic,AfAm,unrelated,0,0,0,0,0,100000,1
vWA,Hispanic,AfAm,unrelated,0,0,0,0,0,100000,1
D22S1045,Hispanic,Asian,cousins,0.012484558577838,0.0121312507719889,0.0521787750410546,-0.0787668428845953,0.0392863980774875,20000,1
D5S818,Hispanic,Asian,cousins,0.00184889258768473,0.0106325705429053,0.0338971652690582,-0.0722119565484683,0.0470777334140372,20000,2
CSF1PO,Hispanic,Asian,cousins,0,0.00216310016484302,0.0204472575801127,-0.00360911618811111,0.0250434089768986,20000,3
D10S1248,Hispanic,Asian,cousins,0,0.00194049843255582,0.0172019721065088,-0.0132311821966388,0.0251168895825553,20000,3
D12S391,Hispanic,Asian,cousins,0,0.00674467544756329,0.0635239760735235,-0.0298747132756389,0.166941859829383,20000,3
D13S317,Hispanic,Asian,cousins,0,0.0174289456555649,0.128344804062111,-0.0556324091735072,0.0859751919207256,20000,3
D16S539,Hispanic,Asian,cousins,0,0.00931220190740913,0.0431822900464836,-0.0572298798990088,0.0490078783556527,20000,3
D18S51,Hispanic,Asian,cousins,0,0.0114111278303123,0.0597539499162826,-0.0450914364659984,0.180818659017051,20000,3
D19S433,Hispanic,Asian,cousins,0,0.00856640029463391,0.0529044452585387,-0.0382020967942185,0.110223462481709,20000,3
D1S1656,Hispanic,Asian,cousins,0,0.0193267031815207,0.116792785101477,-0.0491469655398004,0.149435757099355,20000,3
D21S11,Hispanic,Asian,cousins,0,0.0106498785212086,0.0758410725928375,-0.0566525643219275,0.165696910488062,20000,3
D2S1338,Hispanic,Asian,cousins,0,0.0100164478239147,0.0472608225215866,-0.0590570089529135,0.129111333783711,20000,3
D2S441,Hispanic,Asian,cousins,0,0.0150479804252059,0.0563672929241439,-0.0125616351197534,0.141376943654924,20000,3
D3S1358,Hispanic,Asian,cousins,0,0.00513044679290373,0.0399675777651462,-0.0136675297283139,0.116107462450928,20000,3
D6S1043,Hispanic,Asian,cousins,0,0.0129911647554486,0.101207520999827,-0.036420601943716,0.0683852724249959,20000,3
D7S820,Hispanic,Asian,cousins,0,0.00235580466150625,0.0227983532462386,-0.0189123023777833,0.104286790558147,20000,3
D8S1179,Hispanic,Asian,cousins,0,0.005566554322182,0.0420033574318583,-0.030710263638751,0.0312031032606441,20000,3
F13A01,Hispanic,Asian,cousins,0,0.117963886574795,0.223883421536974,-0.0534250567167312,0.658871445128018,20000,3
F13B,Hispanic,Asian,cousins,0,0.030963103933538,0.105063333556013,-0.025093153545156,0.407247862449,20000,3
FESFPS,Hispanic,Asian,cousins,0,0.0094520165939419,0.0440767082912668,-0.0327354203613733,0.0736032178464982,20000,3
FGA,Hispanic,Asian,cousins,0,0.00950920955819126,0.0677803639389221,-0.0431403048536134,0.094134958953286,20000,3
LPL,Hispanic,Asian,cousins,0,0.00906734588747111,0.0687386541337356,-0.025547995220729,0.0716822047494197,20000,3
Penta_C,Hispanic,Asian,cousins,0,0.0151414816000297,0.0799733632621145,-0.0414510280123842,0.391358704509315,20000,3
Penta_D,Hispanic,Asian,cousins,0,0.0098600759992065,0.0799816078625329,-0.0231940182101873,0.379426608287875,20000,3
Penta_E,Hispanic,Asian,cousins,0,0.0539381047226492,0.231245640377975,-0.0842073329160683,1.082549831407,20000,3
SE33,Hispanic,Asian,cousins,0,0.0139123258170467,0.0856402329011569,-0.0973534410641113,0.166598105521853,20000,3
TH01,Hispanic,Asian,cousins,0,0.0287282669431598,0.0778626282519453,-0.0612765316114471,0.313526730753984,20000,3
vWA,Hispanic,Asian,cousins,0,0.0254284573538382,0.0901482688998709,-0.0867105745862426,0.340323911550699,20000,3
TPOX,Hispanic,Asian,cousins,-0.00334937898421476,0.00301934561361139,0.031331264410995,-0.0130242044650398,0.119527512583718,20000,29
D5S818,Hispanic,Asian,full_siblings,0.116266197374607,0.0709325678771712,0.186005204762176,-0.482825548161577,0.341117540911443,20000,1
D22S1045,Hispanic,Asian,full_siblings,0.101863459432805,0.0774711651993662,0.212452328958893,-0.405286080567688,0.518873863000439,20000,2
D16S539,Hispanic,Asian,full_siblings,0.0983058854002114,0.0588600957481348,0.190892246179591,-0.330131682372019,0.326819826947624,20000,3
FESFPS,Hispanic,Asian,full_siblings,0.0600511493163327,0.0585752536449433,0.20209018897349,-0.338351074645933,0.363465254070495,20000,4
TH01,Hispanic,Asian,full_siblings,0.0343083770012587,0.141656526850945,0.320908423069597,-0.381500922023369,0.766585491082228,20000,5
D8S1179,Hispanic,Asian,full_siblings,0.0333256858046069,0.0339935936573379,0.154405306525586,-0.34255317771114,0.216013104592057,20000,6
D2S441,Hispanic,Asian,full_siblings,0.0225772727970045,0.0902918409890785,0.238438584956237,-0.620647728805996,0.658310805484392,20000,7
Penta_C,Hispanic,Asian,full_siblings,0.00807355953140243,0.0674422353546202,0.262834731035354,-0.26983122527423,0.798628245613904,20000,8
D10S1248,Hispanic,Asian,full_siblings,0.00601581068551566,0.0115776893313688,0.0881247098952574,-0.280754039689671,0.197626195886678,20000,9
CSF1PO,Hispanic,Asian,full_siblings,0,0.0135659758152848,0.0975967247223292,-0.34865692630547,0.14321296321357,20000,10
D12S391,Hispanic,Asian,full_siblings,0,0.040220367952665,0.206992044592648,-0.220708882423982,0.712816609577731,20000,10
D13S317,Hispanic,Asian,full_siblings,0,0.0754002458880071,0.336694296266305,-0.253582947758402,1.35763284913667,20000,10
D18S51,Hispanic,Asian,full_siblings,0,0.0613400867401237,0.233020035919868,-0.253156787360029,0.629471000061435,20000,10
D19S433,Hispanic,Asian,full_siblings,0,0.0530823140454902,0.205339170994748,-0.382405345434452,0.495783452369154,20000,10
D1S1656,Hispanic,Asian,full_siblings,0,0.0977397651887502,0.339855055568282,-0.302501715617365,1.28371861891531,20000,10
D21S11,Hispanic,Asian,full_siblings,0,0.0554947760492304,0.246010212210859,-0.249015910151207,0.830057034986982,20000,10
D2S1338,Hispanic,Asian,full_siblings,0,0.0522491590414354,0.206110775543793,-0.283896501375512,0.449303561489951,20000,10
D6S1043,Hispanic,Asian,full_siblings,0,0.0582326309913874,0.277984794528861,-0.217309009041977,1.21127075552665,20000,10
D7S820,Hispanic,Asian,full_siblings,0,0.0134040068035703,0.101433490016169,-0.119836921557642,0.274914755012283,20000,10
F13A01,Hispanic,Asian,full_siblings,0,0.393332777859894,0.664032761128796,-0.465862348368624,2.37685561928733,20000,10
F13B,Hispanic,Asian,full_siblings,0,0.147408386588146,0.369235399746135,-0.283696991633592,0.901109204315063,20000,10
FGA,Hispanic,Asian,full_siblings,0,0.0526710222315498,0.228403423036969,-0.296033948170888,0.90351224709512,20000,10
LPL,Hispanic,Asian,full_siblings,0,0.0462967491388029,0.218236332561844,-0.160565045929357,0.813976308313752,20000,10
Penta_E,Hispanic,Asian,full_siblings,0,0.206209987726194,0.560733038446132,-0.353605892585981,1.7610288226686,20000,10
SE33,Hispanic,Asian,full_siblings,0,0.0781231142296862,0.289452480241543,-0.424377036840036,0.904747965276218,20000,10
vWA,Hispanic,Asian,full_siblings,0,0.114464816110322,0.32738533286911,-0.382855600448069,0.794720351816839,20000,10
TPOX,Hispanic,Asian,full_siblings,-0.0254272979016236,0.0176700982309051,0.124632904939444,-0.0777349394988264,0.326611885202878,20000,27
D3S1358,Hispanic,Asian,full_siblings,-0.032937204642647,0.026731991394672,0.152298383587339,-0.0909566265658435,0.441669244452138,20000,28
Penta_D,Hispanic,Asian,full_siblings,-0.0401147286461607,0.0478982587029691,0.248318883089293,-0.139662418256238,0.795198955646297,20000,29
D5S818,Hispanic,Asian,half_siblings,0.0670010527008279,0.0377888876579541,0.111268258553764,-0.299367327676626,0.17055877045572,20000,1
D22S1045,Hispanic,Asian,half_siblings,0.0566838621642124,0.0401368242598176,0.133659711254481,-0.342197014679482,0.379334764154979,20000,2
TH01,Hispanic,Asian,half_siblings,0.0206710478367161,0.08069853321676,0.204185363432239,-0.238768682704386,0.600736838580085,20000,3
D8S1179,Hispanic,Asian,half_siblings,0.000824134443030616,0.0176124515893583,0.105072537784349,-0.264817823009536,0.0907711471864925,20000,4
FESFPS,Hispanic,Asian,half_siblings,0.00063584180451759,0.03165087877798,0.129371508389793,-0.283390875619321,0.266558484585839,20000,5
CSF1PO,Hispanic,Asian,half_siblings,0,0.008042478880696,0.0612382347582586,-0.13140244582871,0.0744916223885268,20000,6
D10S1248,Hispanic,Asian,half_siblings,0,0.006009649772972,0.0544522705577811,-0.0765168543662131,0.0805815724863368,20000,6
D12S391,Hispanic,Asian,half_siblings,0,0.0181257305569746,0.135619035487699,-0.118179152961005,0.563412291717425,20000,6
D13S317,Hispanic,Asian,half_siblings,0,0.041404050166153,0.233639913640305,-0.181046288936172,1.31461234768204,20000,6
D16S539,Hispanic,Asian,half_siblings,0,0.0335152559021934,0.122303011841053,-0.21408511159717,0.138397610017182,20000,6
D18S51,Hispanic,Asian,half_siblings,0,0.0349897594710518,0.154341386723641,-0.148685385443912,0.39606025602384,20000,6
D19S433,Hispanic,Asian,half_siblings,0,0.029105522906316,0.136126395481085,-0.285886657093381,0.297303806557819,20000,6
D1S1656,Hispanic,Asian,half_siblings,0,0.0550374614197826,0.232102241292849,-0.219069951480785,0.496962103239285,20000,6
D21S11,Hispanic,Asian,half_siblings,0,0.0311115788229844,0.169291978843147,-0.15109145520979,0.392246721695951,20000,6
D2S1338,Hispanic,Asian,half_siblings,0,0.028992821946707,0.13506603271892,-0.162870889657019,0.339549077300736,20000,6
D2S441,Hispanic,Asian,half_siblings,0,0.0493629929201518,0.151642022971879,-0.0524489832495275,0.349758779949168,20000,6
D6S1043,Hispanic,Asian,half_siblings,0,0.0336874510092671,0.199950757191309,-0.13773929497195,0.704261249752665,20000,6
D7S820,Hispanic,Asian,half_siblings,0,0.00703751314635041,0.0642563763949656,-0.0624197370886552,0.232067914798043,20000,6
F13A01,Hispanic,Asian,half_siblings,0,0.249244792588245,0.452184100925061,-0.21771083908999,1.1033217718397,20000,6
F13B,Hispanic,Asian,half_siblings,0,0.0853669631693144,0.247643808864604,-0.141848495816795,0.747522781307727,20000,6
FGA,Hispanic,Asian,half_siblings,0,0.0303124797064581,0.160464715002605,-0.142279913643938,0.273838098283677,20000,6
LPL,Hispanic,Asian,half_siblings,0,0.0279621711256107,0.150643154766408,-0.0802825229646795,0.447194697683741,20000,6
Penta_C,Hispanic,Asian,half_siblings,0,0.0374604305763614,0.17591349294846,-0.158879856333292,0.702165583202459,20000,6
Penta_D,Hispanic,Asian,half_siblings,0,0.026794213403224,0.171401888317475,-0.0725933236790519,0.743238822402705,20000,6
Penta_E,Hispanic,Asian,half_siblings,0,0.122199789288431,0.410610746968361,-0.262418127453316,1.5218482708967,20000,6
SE33,Hispanic,Asian,half_siblings,0,0.0427150870766425,0.201341276356524,-0.336072744570701,0.502376535337949,20000,6
vWA,Hispanic,Asian,half_siblings,0,0.0669940308210203,0.219764888910554,-0.256108490889649,0.681095280566315,20000,6
TPOX,Hispanic,Asian,half_siblings,-0.0168713739549027,0.00902419403383814,0.0808690052109867,-0.0406228867612765,0.272904944131236,20000,28
D3S1358,Hispanic,Asian,half_siblings,-0.0212911624413225,0.0151851705808546,0.102874956835366,-0.0446279854197041,0.407253803581913,20000,29
D5S818,Hispanic,Asian,parent_child,0.154401684704885,0.0660561308205152,0.200277694672458,-0.598229181031061,0.328558443983367,20000,1
D22S1045,Hispanic,Asian,parent_child,0.138904538332985,0.0707237955711174,0.225533907001658,-0.5000836210107,0.426773087938991,20000,2
D16S539,Hispanic,Asian,parent_child,0.13444667979689,0.055726057709923,0.203170626994265,-0.405445423899251,0.199652109909648,20000,3
FESFPS,Hispanic,Asian,parent_child,0.109205806122,0.0546264241047851,0.212520241626241,-0.421855820970398,0.340858459232402,20000,4
D2S441,Hispanic,Asian,parent_child,0.09925351198179,0.0864131929583302,0.243549395343948,-0.778940637723489,0.674557571649748,20000,5
D19S433,Hispanic,Asian,parent_child,0.073148208880785,0.0496421349526906,0.211023612044199,-0.431897759264538,0.39201098167978,20000,6
TH01,Hispanic,Asian,parent_child,0.0439844233395771,0.127482753894463,0.327493251555484,-0.481789629210174,0.723606969009368,20000,7
D8S1179,Hispanic,Asian,parent_child,0.0374617302893111,0.0318661259428513,0.163354983931301,-0.386140268703864,0.133384834568888,20000,8
Penta_E,Hispanic,Asian,parent_child,0.0348650440368693,0.189292822065112,0.538305053124161,-0.358111545103618,1.68384043759733,20000,9
Penta_C,Hispanic,Asian,parent_child,0.021654494639832,0.0618228969818092,0.264663553295029,-0.282594947954824,0.826934556604991,20000,10
SE33,Hispanic,Asian,parent_child,0.0117997399681722,0.0728353512852323,0.285613812355812,-0.42392882959326,0.545537739431051,20000,11
D10S1248,Hispanic,Asian,parent_child,0.00720398827902713,0.0107328503422502,0.0948163841377662,-0.315559194418154,0.12778363392355,20000,12
CSF1PO,Hispanic,Asian,parent_child,0,0.01487348059492,0.101799083041692,-0.376339643015341,0.11118437210409,20000,13
D12S391,Hispanic,Asian,parent_child,0,0.0343662119888481,0.20587224433808,-0.169431158739917,0.699234415708925,20000,13
D13S317,Hispanic,Asian,parent_child,0,0.0700854202835767,0.330624020229783,-0.293386215466963,1.40587574600204,20000,13
D18S51,Hispanic,Asian,parent_child,0,0.0565656573937778,0.238621380469418,-0.245961565538829,0.501155451104851,20000,13
D1S1656,Hispanic,Asian,parent_child,0,0.0904216833469757,0.337157690303613,-0.305620671883975,1.3236889898147,20000,13
D21S11,Hispanic,Asian,parent_child,0,0.0589380669894481,0.255837286930022,-0.210049009648182,0.981394061029441,20000,13
D2S1338,Hispanic,Asian,parent_child,0,0.0449259976926996,0.209404858890206,-0.227777776608612,0.475557033129857,20000,13
D6S1043,Hispanic,Asian,parent_child,0,0.0579463936538363,0.279333880999938,-0.170540468364507,1.24450774376707,20000,13
D7S820,Hispanic,Asian,parent_child,0,0.0120838695499017,0.106301673767305,-0.101377885754335,0.2930856774364,20000,13
F13A01,Hispanic,Asian,parent_child,0,0.337150223733226,0.62669057231196,-0.466236782702269,1.29810647881145,20000,13
F13B,Hispanic,Asian,parent_child,0,0.131887109617557,0.374978705929925,-0.222458267630002,0.892613332248968,20000,13
FGA,Hispanic,Asian,parent_child,0,0.0506900026143611,0.236072645104687,-0.232325404359333,0.936079026030058,20000,13
LPL,Hispanic,Asian,parent_child,0,0.041438194061542,0.226769852254815,-0.125115434711467,0.914889726960119,20000,13
vWA,Hispanic,Asian,parent_child,0,0.106454541821707,0.332423941430934,-0.386140268703864,0.844308652674414,20000,13
D3S1358,Hispanic,Asian,parent_child,-0.0441055996759568,0.0226721750883616,0.157327277504134,-0.0717463114818981,0.483091451027114,20000,27
TPOX,Hispanic,Asian,parent_child,-0.0516106516287444,0.0127466471377345,0.126117057637481,-0.0628338783287296,0.349813301885328,20000,28
Penta_D,Hispanic,Asian,parent_child,-0.0541079036002958,0.0423848944777308,0.247931154604956,-0.112721111679786,0.833187816208413,20000,29
D22S1045,Hispanic,Asian,second_cousins,0.00612174737982142,0.00653156644623506,0.0320226212780847,-0.0414780725455787,0.021610181658279,20000,1
CSF1PO,Hispanic,Asian,second_cousins,0,0.00113546953818751,0.0116300573276158,-0.0019710827264614,0.0132892956105976,20000,2
D10S1248,Hispanic,Asian,second_cousins,0,0.00105170896981204,0.00897258019764752,-0.00689135905614604,0.0131018229961634,20000,2
D12S391,Hispanic,Asian,second_cousins,0,0.00356856029812469,0.0389673322187776,-0.0165129580544814,0.0174855767109444,20000,2
D13S317,Hispanic,Asian,second_cousins,0,0.0109707628434829,0.0911207924697477,-0.0289724314346482,0.0484554733623439,20000,2
D16S539,Hispanic,Asian,second_cousins,0,0.00499973380708321,0.0304103079715724,-0.029015999931959,0.0263610271354173,20000,2
D18S51,Hispanic,Asian,second_cousins,0,0.00675305491183428,0.0373480851321444,-0.0230283894268338,0.105856123403055,20000,2
D19S433,Hispanic,Asian,second_cousins,0,0.00527891351141098,0.0337248551695294,-0.0123609196847358,0.0667034788742063,20000,2
D1S1656,Hispanic,Asian,second_cousins,0,0.0117219385572638,0.080323324636996,-0.0243602656328812,0.0779458286097252,20000,2
D21S11,Hispanic,Asian,second_cousins,0,0.00676322745845219,0.0543334745505648,-0.0280244463711627,0.0977083625223952,20000,2
D2S1338,Hispanic,Asian,second_cousins,0,0.00553170245918424,0.0262526797445714,-0.0308085918874587,0.0711797709367695,20000,2
D2S441,Hispanic,Asian,second_cousins,0,0.00792251639672269,0.03316822821402,-0.00648925606018323,0.0821380448839181,20000,2
D3S1358,Hispanic,Asian,second_cousins,0,0.00294075733563311,0.023114454095223,-0.00710081152700146,0.0711123657358368,20000,2
D5S818,Hispanic,Asian,second_cousins,0,0.00576088902802026,0.0183269334706849,-0.0192117733806083,0.0243473635039995,20000,2
D6S1043,Hispanic,Asian,second_cousins,0,0.00740103382307849,0.0690547140909232,-0.0192117733806083,0.0383330850267497,20000,2
D7S820,Hispanic,Asian,second_cousins,0,0.00128678494153175,0.0125455739601875,-0.00980448648820993,0.0520277095559665,20000,2
D8S1179,Hispanic,Asian,second_cousins,0,0.00309311665919957,0.0273356932458184,-0.0165461013466761,0.0166496544748086,20000,2
F13A01,Hispanic,Asian,second_cousins,0,0.0736432232634027,0.144374277692842,-0.0266907895250485,0.454337881520917,20000,2
F13B,Hispanic,Asian,second_cousins,0,0.0181922756608867,0.064431077398333,-0.0124742575302305,0.261452371556996,20000,2
FESFPS,Hispanic,Asian,second_cousins,0,0.00543860071386242,0.0310925403520144,-0.0172827868300596,0.0400372662919882,20000,2
FGA,Hispanic,Asian,second_cousins,0,0.00555793493168783,0.0451969722565155,-0.0223879955037237,0.0573860954747761,20000,2
LPL,Hispanic,Asian,second_cousins,0,0.0045532703527609,0.0421349428554427,-0.013387506938182,0.0403924560549475,20000,2
Penta_C,Hispanic,Asian,second_cousins,0,0.0087218091015724,0.0483121032587081,-0.0217318151291227,0.252937405013848,20000,2
Penta_D,Hispanic,Asian,second_cousins,0,0.00656459792681633,0.0547929475003809,-0.0121640768322422,0.0316256979883146,20000,2
Penta_E,Hispanic,Asian,second_cousins,0,0.0363984953410302,0.168962081651696,-0.0427446387476419,0.839935685785159,20000,2
SE33,Hispanic,Asian,second_cousins,0,0.00839916554252826,0.0574780500285367,-0.0357987093917666,0.101375130170155,20000,2
TH01,Hispanic,Asian,second_cousins,0,0.0153653495478197,0.0436449423729284,-0.030860292278058,0.117530723012919,20000,2
vWA,Hispanic,Asian,second_cousins,0,0.014183565885622,0.0538493295345198,-0.0462487342703694,0.20973639750377,20000,2
TPOX,Hispanic,Asian,second_cousins,-0.00161914469581559,0.00155717967688633,0.0187666059402066,-0.00683443490511343,0.0656102793623096,20000,29
CSF1PO,Hispanic,Asian,unrelated,0,0,0,0,0,100000,1
D10S1248,Hispanic,Asian,unrelated,0,0,0,0,0,100000,1
D12S391,Hispanic,Asian,unrelated,0,0,0,0,0,100000,1
D13S317,Hispanic,Asian,unrelated,0,0,0,0,0,100000,1
D16S539,Hispanic,Asian,unrelated,0,0,0,0,0,100000,1
D18S51,Hispanic,Asian,unrelated,0,0,0,0,0,100000,1
D19S433,Hispanic,Asian,unrelated,0,0,0,0,0,100000,1
D1S1656,Hispanic,Asian,unrelated,0,0,0,0,0,100000,1
D21S11,Hispanic,Asian,unrelated,0,0,0,0,0,100000,1
D22S1045,Hispanic,Asian,unrelated,0,0,0,0,0,100000,1
D2S1338,Hispanic,Asian,unrelated,0,0,0,0,0,100000,1
D2S441,Hispanic,Asian,unrelated,0,0,0,0,0,100000,1
D3S1358,Hispanic,Asian,unrelated,0,0,0,0,0,100000,1
D5S818,Hispanic,Asian,unrelated,0,0,0,0,0,100000,1
D6S1043,Hispanic,Asian,unrelated,0,0,0,0,0,100000,1
D7S820,Hispanic,Asian,unrelated,0,0,0,0,0,100000,1
D8S1179,Hispanic,Asian,unrelated,0,0,0,0,0,100000,1
F13A01,Hispanic,Asian,unrelated,0,0,0,0,0,100000,1
F13B,Hispanic,Asian,unrelated,0,0,0,0,0,100000,1
FESFPS,Hispanic,Asian,unrelated,0,0,0,0,0,100000,1
FGA,Hispanic,Asian,unrelated,0,0,0,0,0,100000,1
LPL,Hispanic,Asian,unrelated,0,0,0,0,0,100000,1
Penta_C,Hispanic,Asian,unrelated,0,0,0,0,0,100000,1
Penta_D,Hispanic,Asian,unrelated,0,0,0,0,0,100000,1
Penta_E,Hispanic,Asian,unrelated,0,0,0,0,0,100000,1
SE33,Hispanic,Asian,unrelated,0,0,0,0,0,100000,1
TH01,Hispanic,Asian,unrelated,0,0,0,0,0,100000,1
TPOX,Hispanic,Asian,unrelated,0,0,0,0,0,100000,1
vWA,Hispanic,Asian,unrelated,0,0,0,0,0,100000,1
CSF1PO,Hispanic,Cauc,cousins,0,0.00103512127779536,0.028046331293848,-0.00843553773670176,0.00771821011084373,20000,1
D10S1248,Hispanic,Cauc,cousins,0,0.000901348366087025,0.0156231058288385,-0.0297865105712499,0.010333472619755,20000,1
D12S391,Hispanic,Cauc,cousins,0,0.00453701920053757,0.0368731384073196,-0.0594963906647252,0.0572279878596224,20000,1
D13S317,Hispanic,Cauc,cousins,0,0.00707376852722321,0.0356239833835377,-0.0247538061518266,0.112006880090805,20000,1
D16S539,Hispanic,Cauc,cousins,0,0.0053941382184113,0.0344514325057644,-0.0171394865142937,0.119380991432459,20000,1
D18S51,Hispanic,Cauc,cousins,0,0.000962491335703436,0.0162764702796385,-0.0145819998729954,0.0257139772818155,20000,1
D19S433,Hispanic,Cauc,cousins,0,0.00806778821518125,0.0730996637587581,-0.0136270982030846,0.113830584111634,20000,1
D1S1656,Hispanic,Cauc,cousins,0,0.00413129130397026,0.0284508699795754,-0.0302833398613534,0.0687411718128214,20000,1
D21S11,Hispanic,Cauc,cousins,0,0.00210636472095124,0.0264442685199585,-0.045250876934369,0.0375711729644255,20000,1
D22S1045,Hispanic,Cauc,cousins,0,0.00402245573766011,0.0378751869827118,-0.0109117722597538,0.0319757025031428,20000,1
D2S1338,Hispanic,Cauc,cousins,0,0.00365339090613053,0.0236898440286202,-0.0493074080037196,0.0652796302631517,20000,1
D2S441,Hispanic,Cauc,cousins,0,0.00339586316415032,0.0197281790345204,-0.0347485313750392,0.0433564510483031,20000,1
D3S1358,Hispanic,Cauc,cousins,0,0.00195553181161342,0.0262175599396383,-0.0307672212134977,0.015101836953849,20000,1
D5S818,Hispanic,Cauc,cousins,0,0.00440269829099114,0.0638924540032632,-0.0269949271736827,0.0109448775405403,20000,1
D6S1043,Hispanic,Cauc,cousins,0,0.0148852226088714,0.104545987065416,-0.0384644756874014,0.171114924988284,20000,1
D7S820,Hispanic,Cauc,cousins,0,0.00286194096083785,0.0194221549468834,-0.059749107155051,0.0303766790802889,20000,1
D8S1179,Hispanic,Cauc,cousins,0,0.00291103184236695,0.0199787357903631,-0.0262556224662121,0.050814373124338,20000,1
F13A01,Hispanic,Cauc,cousins,0,0.0173642596222473,0.0639996043144513,-0.0416880221766148,0.20283024447973,20000,1
F13B,Hispanic,Cauc,cousins,0,0.0011581098045335,0.0113822252018087,-0.0173616140817014,0.025376149041749,20000,1
FESFPS,Hispanic,Cauc,cousins,0,0.00263353218703481,0.0363620398235925,-0.0203054087343845,0.0128863973902732,20000,1
FGA,Hispanic,Cauc,cousins,0,0.00867673092755367,0.0745824877410158,-0.0422272062912734,0.110237853222919,20000,1
LPL,Hispanic,Cauc,cousins,0,0.00148207594816421,0.0173013580069333,-0.0166385351589215,0.0139947136145057,20000,1
Penta_C,Hispanic,Cauc,cousins,0,0.00480808463462691,0.0490235799195046,-0.0313763390078886,0.0485994867905916,20000,1
Penta_D,Hispanic,Cauc,cousins,0,0.0030324890865954,0.0308684479006238,-0.0267733187872968,0.0318478100429725,20000,1
Penta_E,Hispanic,Cauc,cousins,0,0.00462879528747629,0.0374387651543605,-0.0328346312346807,0.124700056580193,20000,1
SE33,Hispanic,Cauc,cousins,0,0.00492496099487405,0.0398053959478044,-0.0639223620394072,0.0986612028078194,20000,1
TH01,Hispanic,Cauc,cousins,0,0.00380285484543335,0.0177484486130825,-0.0412283246857072,0.0424952029148816,20000,1
TPOX,Hispanic,Cauc,cousins,0,0.00364959015401374,0.0373229174067882,-0.0335540899815487,0.14099493813252,20000,1
vWA,Hispanic,Cauc,cousins,0,0.00319827007743666,0.0203432419834157,-0.018043275042501,0.0346871331177293,20000,1
D22S1045,Hispanic,Cauc,full_siblings,0.0496810478629552,0.0252962993950118,0.138279760393745,-0.302029551694288,0.178482766019415,20000,1
D7S820,Hispanic,Cauc,full_siblings,0.0165192988629204,0.0183328867532845,0.10225387179031,-0.235296569153313,0.160918238081876,20000,2
LPL,Hispanic,Cauc,full_siblings,0.0097989639289896,0.00908828172757316,0.0721911090443914,-0.12571446665265,0.142503230227386,20000,3
TH01,Hispanic,Cauc,full_siblings,0.00489861622743513,0.0234364171884515,0.10987001794474,-0.155810737172188,0.240227845358648,20000,4
CSF1PO,Hispanic,Cauc,full_siblings,0,0.00673214907497388,0.0915709870281165,-0.122048616771857,0.218069641513604,20000,5
D10S1248,Hispanic,Cauc,full_siblings,0,0.00619168971123449,0.0605309401037971,-0.112559416616925,0.115393418702069,20000,5
D12S391,Hispanic,Cauc,full_siblings,0,0.0275548490406248,0.150093986206799,-0.282297410732021,0.311481330381204,20000,5
D13S317,Hispanic,Cauc,full_siblings,0,0.0351454084180736,0.161576487375848,-0.175784556042965,0.303973378546211,20000,5
D18S51,Hispanic,Cauc,full_siblings,0,0.00546102133711083,0.0601547899229369,-0.0787413837985516,0.180241545075205,20000,5
D1S1656,Hispanic,Cauc,full_siblings,0,0.0266541590063597,0.132858768795494,-0.329651333315216,0.281202508538956,20000,5
D21S11,Hispanic,Cauc,full_siblings,0,0.0128843725459612,0.101997977897071,-0.181041882273093,0.241381555882719,20000,5
D2S1338,Hispanic,Cauc,full_siblings,0,0.0219418327571419,0.117394097600582,-0.193807498606984,0.282811373764241,20000,5
D2S441,Hispanic,Cauc,full_siblings,0,0.0184633187672127,0.108429597703854,-0.149672349568366,0.322071219531894,20000,5
D3S1358,Hispanic,Cauc,full_siblings,0,0.0108274160202368,0.0864620981037344,-0.124436889971002,0.111016566973734,20000,5
D5S818,Hispanic,Cauc,full_siblings,0,0.0279477369817904,0.194264269967648,-0.107314788924585,1.02826647154661,20000,5
D6S1043,Hispanic,Cauc,full_siblings,0,0.0697550068440296,0.297397878448052,-0.220878708973633,1.21127075552665,20000,5
D8S1179,Hispanic,Cauc,full_siblings,0,0.0164419119847628,0.108016014905299,-0.156299564954809,0.244871912502893,20000,5
F13A01,Hispanic,Cauc,full_siblings,0,0.0910235087690713,0.268594954279542,-0.256366091464272,0.652038950117622,20000,5
F13B,Hispanic,Cauc,full_siblings,0,0.0061253281849633,0.0614426998296066,-0.11876433830701,0.124890977423782,20000,5
FESFPS,Hispanic,Cauc,full_siblings,0,0.0151241851748387,0.12825947751009,-0.137102537457588,0.256657853334162,20000,5
FGA,Hispanic,Cauc,full_siblings,0,0.0451749845290858,0.233885200297,-0.223342079232841,0.996266300332019,20000,5
Penta_D,Hispanic,Cauc,full_siblings,0,0.0183822206710977,0.123076338371308,-0.148344597201808,0.270442373661692,20000,5
Penta_E,Hispanic,Cauc,full_siblings,0,0.0256265308232085,0.145064123323239,-0.282930619534789,0.357599983143655,20000,5
SE33,Hispanic,Cauc,full_siblings,0,0.0305811719374159,0.148280512973811,-0.258621237137834,0.338819347398333,20000,5
vWA,Hispanic,Cauc,full_siblings,0,0.0185536551174544,0.103465728716554,-0.270336880382323,0.242566538879514,20000,5
Penta_C,Hispanic,Cauc,full_siblings,-0.00113583527225267,0.0285566888702981,0.164281694263931,-0.17462426784814,0.715080246589168,20000,26
D19S433,Hispanic,Cauc,full_siblings,-0.00686702182178145,0.0384033405918505,0.20743140388172,-0.108753567417403,0.781049725923354,20000,27
TPOX,Hispanic,Cauc,full_siblings,-0.0170249607871623,0.0220777372478684,0.140848377543027,-0.131263451084609,0.372398332140355,20000,28
D16S539,Hispanic,Cauc,full_siblings,-0.0340432997133094,0.0278103589251239,0.155487336626306,-0.130664748792563,0.386199200365373,20000,29
CSF1PO,Hispanic,Cauc,half_siblings,0,0.00282282689153284,0.057247790618235,-0.108741318333781,0.0222449980379497,20000,1
D10S1248,Hispanic,Cauc,half_siblings,0,0.003410368102923,0.0376740570857747,-0.0859621836770421,0.0427040353457126,20000,1
D12S391,Hispanic,Cauc,half_siblings,0,0.0147756838358676,0.0952655440909572,-0.159639540802069,0.180850698271658,20000,1
D13S317,Hispanic,Cauc,half_siblings,0,0.0223658687443909,0.105538111060338,-0.113184076029408,0.267112982584824,20000,1
D16S539,Hispanic,Cauc,half_siblings,0,0.0172862017026468,0.100253284377005,-0.0578239628871434,0.307386418385183,20000,1
D18S51,Hispanic,Cauc,half_siblings,0,0.00269040590681651,0.0388165170530154,-0.0453024936810248,0.0607527419999723,20000,1
D1S1656,Hispanic,Cauc,half_siblings,0,0.0141436524121088,0.0879473108558206,-0.255606706337116,0.174510279945701,20000,1
D21S11,Hispanic,Cauc,half_siblings,0,0.00747197397408993,0.0676303705589697,-0.135526441414527,0.12335578178457,20000,1
D22S1045,Hispanic,Cauc,half_siblings,0,0.0137782625124967,0.0906095865460586,-0.247983435270571,0.0892413830097076,20000,1
D2S1338,Hispanic,Cauc,half_siblings,0,0.0107532979456306,0.0744938408595826,-0.129515692896685,0.184867579464064,20000,1
D2S441,Hispanic,Cauc,half_siblings,0,0.0121520791776837,0.0661198907216057,-0.0999364676382438,0.133073805861036,20000,1
D3S1358,Hispanic,Cauc,half_siblings,0,0.0064260831885251,0.0584467916438613,-0.0978434658985655,0.055346064473089,20000,1
D5S818,Hispanic,Cauc,half_siblings,0,0.0129679045882009,0.13056795493261,-0.0806006899919841,0.0887348166590013,20000,1
D6S1043,Hispanic,Cauc,half_siblings,0,0.0423258432994191,0.211670038539448,-0.151616620917587,0.704261249752665,20000,1
D7S820,Hispanic,Cauc,half_siblings,0,0.010035924256994,0.0622333047089097,-0.176855474292543,0.0890612983454739,20000,1
D8S1179,Hispanic,Cauc,half_siblings,0,0.0100058902450379,0.0664552310396188,-0.0871649463840471,0.140083014721154,20000,1
F13A01,Hispanic,Cauc,half_siblings,0,0.0508175491477464,0.172750324983128,-0.214623528762289,0.423528050454949,20000,1
F13B,Hispanic,Cauc,half_siblings,0,0.00384151591908603,0.0372314431613543,-0.0848935751785999,0.0710582662083511,20000,1
FESFPS,Hispanic,Cauc,half_siblings,0,0.00912975201377739,0.0863121229809622,-0.0964485702709256,0.193325291409464,20000,1
FGA,Hispanic,Cauc,half_siblings,0,0.0273782568119335,0.167972357489103,-0.115428332748617,0.340182119626129,20000,1
LPL,Hispanic,Cauc,half_siblings,0,0.00474102261478646,0.0452500331869839,-0.0844803757967177,0.122375177536205,20000,1
Penta_C,Hispanic,Cauc,half_siblings,0,0.0155259060032203,0.111257183883217,-0.0928045525953159,0.295247027635445,20000,1
Penta_D,Hispanic,Cauc,half_siblings,0,0.0101647209922012,0.0795994907192475,-0.110594072640606,0.120641008892586,20000,1
Penta_E,Hispanic,Cauc,half_siblings,0,0.0145314655615046,0.0974633416914044,-0.125942999414899,0.274973587248174,20000,1
SE33,Hispanic,Cauc,half_siblings,0,0.0158928250104615,0.101283254976713,-0.221555632758745,0.217428269003022,20000,1
TH01,Hispanic,Cauc,half_siblings,0,0.0137553247842813,0.0634378383889175,-0.12823198558288,0.124649880939587,20000,1
vWA,Hispanic,Cauc,half_siblings,0,0.00995248505995922,0.0646823834083059,-0.164741628833929,0.109303173787115,20000,1
TPOX,Hispanic,Cauc,half_siblings,-0.000161288609322741,0.0104737621680355,0.0909630728267722,-0.0944836587893359,0.313610454332956,20000,28
D19S433,Hispanic,Cauc,half_siblings,-0.00383818828562059,0.0202949606802835,0.143197304705943,-0.0482413825451105,0.691806849906806,20000,29
Penta_D,Hispanic,Cauc,parent_child,0.0392242083144695,0.0174376881473971,0.128146754160362,-0.169638222360966,0.180075850435219,20000,1
SE33,Hispanic,Cauc,parent_child,0.0218679014378527,0.0314520048381901,0.151393592218069,-0.251133370625885,0.251541988566165,20000,2
CSF1PO,Hispanic,Cauc,parent_child,0.0175951173265384,0.00544783021143086,0.0885883834246963,-0.139098781364372,0.216193717380071,20000,3
D7S820,Hispanic,Cauc,parent_child,0.0171041116417886,0.0191149098518151,0.109460937371937,-0.264721715801313,0.131604779196357,20000,4
D12S391,Hispanic,Cauc,parent_child,0.0154527998351956,0.0264873595491957,0.151358597620855,-0.292526055784109,0.281505211943608,20000,5
TH01,Hispanic,Cauc,parent_child,0.00722472104069575,0.0226431409781044,0.121733403905916,-0.198766923455012,0.184595198935553,20000,6
D22S1045,Hispanic,Cauc,parent_child,0.000795240196397096,0.0227950267373033,0.145144458325605,-0.342604920127428,0.122303271465141,20000,7
D3S1358,Hispanic,Cauc,parent_child,0.000581829329259875,0.0113904112945843,0.0906305925025653,-0.133693802169935,0.071972560718732,20000,8
D21S11,Hispanic,Cauc,parent_child,0.000470148874112841,0.0127955330330372,0.105223800411173,-0.204004783482344,0.149833092676341,20000,9
F13B,Hispanic,Cauc,parent_child,0.000301322628802225,0.00646153642595494,0.0669316184378383,-0.121342131223176,0.101620963870788,20000,10
D10S1248,Hispanic,Cauc,parent_child,9.70517383549197e-05,0.00535667883620134,0.0639490553981824,-0.1255781761683,0.123897358581939,20000,11
D18S51,Hispanic,Cauc,parent_child,0,0.00544609759605791,0.0635217541013781,-0.069858654687076,0.184595198935551,20000,12
D1S1656,Hispanic,Cauc,parent_child,0,0.0260073702251762,0.137196979277698,-0.449649475763812,0.235747721382934,20000,12
D2S1338,Hispanic,Cauc,parent_child,0,0.0198602540147619,0.124441571835736,-0.178180392673236,0.218018954422502,20000,12
D5S818,Hispanic,Cauc,parent_child,0,0.021629326320275,0.184280106924667,-0.120671849671685,1.04938357774641,20000,12
D6S1043,Hispanic,Cauc,parent_child,0,0.0678005000967167,0.299894146289681,-0.221539288351759,1.24450774376707,20000,12
D8S1179,Hispanic,Cauc,parent_child,0,0.0148581486961784,0.115948848144231,-0.157827481886655,0.198835638050163,20000,12
F13A01,Hispanic,Cauc,parent_child,0,0.0869716967696221,0.276141743883162,-0.319178250555552,0.526158741036622,20000,12
FESFPS,Hispanic,Cauc,parent_child,0,0.0144314738918548,0.127019437201196,-0.14276373545078,0.237301549451554,20000,12
FGA,Hispanic,Cauc,parent_child,0,0.0445890762995286,0.2390443784202,-0.1627348163814,1.02969323894981,20000,12
LPL,Hispanic,Cauc,parent_child,0,0.00877811360299786,0.07835046798514,-0.12331031471248,0.148383026281107,20000,12
Penta_E,Hispanic,Cauc,parent_child,0,0.0239195922876337,0.149621291833763,-0.325318569180419,0.346446018876623,20000,12
vWA,Hispanic,Cauc,parent_child,0,0.0185052027760798,0.111141297801634,-0.310254822744542,0.150331995065386,20000,12
Penta_C,Hispanic,Cauc,parent_child,-0.0016131944116706,0.0269415528833973,0.167332374423743,-0.138045945741107,0.750304324458464,20000,24
TPOX,Hispanic,Cauc,parent_child,-0.00896123633310231,0.01796220644218,0.137891701401932,-0.135739951923814,0.397670024244403,20000,25
D19S433,Hispanic,Cauc,parent_child,-0.00932883725514583,0.0375428980975485,0.209086290845145,-0.0623032705639821,0.807844489333452,20000,26
D13S317,Hispanic,Cauc,parent_child,-0.0389207100482664,0.0318653946971251,0.171438324931928,-0.173635438631012,0.328501774619833,20000,27
D16S539,Hispanic,Cauc,parent_child,-0.0541593626018074,0.0268138567795998,0.162154277748996,-0.0879462589169932,0.423069690934891,20000,28
D2S441,Hispanic,Cauc,parent_child,-0.0606373692352839,0.0181415764069086,0.118429135237824,-0.136638182816718,0.20414873531123,20000,29
CSF1PO,Hispanic,Cauc,second_cousins,0,0.000500376164041018,0.016797259123276,-0.00439527291582371,0.00412592650794012,20000,1
D10S1248,Hispanic,Cauc,second_cousins,0,0.000437722908905637,0.00859402426506839,-0.0143716216880465,0.00534640204451275,20000,1
D12S391,Hispanic,Cauc,second_cousins,0,0.00235958381863014,0.0208753769032943,-0.0256453332264073,0.0322213217067176,20000,1
D13S317,Hispanic,Cauc,second_cousins,0,0.00347596040908364,0.0194541342525816,-0.0137055120446259,0.0643827885958447,20000,1
D16S539,Hispanic,Cauc,second_cousins,0,0.00299233063479752,0.0189236065976376,-0.0089287677280303,0.0661299313540096,20000,1
D18S51,Hispanic,Cauc,second_cousins,0,0.000344938128024158,0.0111963365839793,-0.00765885554891546,0.00801176536629601,20000,1
D19S433,Hispanic,Cauc,second_cousins,0,0.00455899168710518,0.0464497342799189,-0.00725320558832213,0.0503919364703126,20000,1
D1S1656,Hispanic,Cauc,second_cousins,0,0.00224052344294331,0.0175692311649348,-0.0164183309120096,0.0380882633840743,20000,1
D21S11,Hispanic,Cauc,second_cousins,0,0.00108088963810477,0.0163572232733466,-0.023990864521976,0.020260065555174,20000,1
D22S1045,Hispanic,Cauc,second_cousins,0,0.00217082509220631,0.0236317322104628,-0.00599031919392177,0.0144046376763033,20000,1
D2S1338,Hispanic,Cauc,second_cousins,0,0.00190187664761888,0.0128067924382416,-0.023039725737697,0.0368058048539449,20000,1
D2S441,Hispanic,Cauc,second_cousins,0,0.00169631499353236,0.0104163631460143,-0.0104504426749254,0.0228549166360043,20000,1
D3S1358,Hispanic,Cauc,second_cousins,0,0.000880151341222451,0.0128541089272171,-0.015983442117195,0.00797075274898174,20000,1
D5S818,Hispanic,Cauc,second_cousins,0,0.00313076192654484,0.0473913299141754,-0.0143127885572993,0.00599426000299415,20000,1
D6S1043,Hispanic,Cauc,second_cousins,0,0.00890661814650687,0.0711308930895349,-0.0180159841106565,0.0623433229210182,20000,1
D7S820,Hispanic,Cauc,second_cousins,0,0.00156504300132448,0.0101730327127245,-0.0223100310051256,0.0161775422513253,20000,1
D8S1179,Hispanic,Cauc,second_cousins,0,0.00167790607636748,0.0125359491231335,-0.0115041247052606,0.0275039276861595,20000,1
F13A01,Hispanic,Cauc,second_cousins,0,0.0101855863160325,0.0379978889016609,-0.0209678475778443,0.125696406565777,20000,1
F13B,Hispanic,Cauc,second_cousins,0,0.000549622978510398,0.00682726587118315,-0.00877517086544089,0.0136678878462374,20000,1
FESFPS,Hispanic,Cauc,second_cousins,0,0.00128262927439824,0.0228979834403756,-0.0108379828447304,0.00692463544137931,20000,1
FGA,Hispanic,Cauc,second_cousins,0,0.00533664108316612,0.0508146136113124,-0.0199305094773317,0.0454344749400526,20000,1
LPL,Hispanic,Cauc,second_cousins,0,0.000867125440473926,0.013015304748178,-0.00837026405025984,0.0074921489929512,20000,1
Penta_C,Hispanic,Cauc,second_cousins,0,0.00234063452901488,0.0293445650853893,-0.0166752122166733,0.0267315688074784,20000,1
Penta_D,Hispanic,Cauc,second_cousins,0,0.00164826135506002,0.0208516783020942,-0.0136548811726816,0.0174706182114658,20000,1
Penta_E,Hispanic,Cauc,second_cousins,0,0.00236114348251,0.0219279721909926,-0.017204756478904,0.0724738792259057,20000,1
SE33,Hispanic,Cauc,second_cousins,0,0.00286666429884896,0.0234378610300569,-0.0183494262137259,0.0578835247278525,20000,1
TH01,Hispanic,Cauc,second_cousins,0,0.00200411290768971,0.0091739060767061,-0.0114671433066005,0.0226387752624402,20000,1
TPOX,Hispanic,Cauc,second_cousins,0,0.00187205476666036,0.0230996113950915,-0.00399241486110772,0.0788738828810055,20000,1
vWA,Hispanic,Cauc,second_cousins,0,0.00147705214757408,0.0111953971662562,-0.00997808600532089,0.0184762934140886,20000,1
CSF1PO,Hispanic,Cauc,unrelated,0,0,0,0,0,100000,1
D10S1248,Hispanic,Cauc,unrelated,0,0,0,0,0,100000,1
D12S391,Hispanic,Cauc,unrelated,0,0,0,0,0,100000,1
D13S317,Hispanic,Cauc,unrelated,0,0,0,0,0,100000,1
D16S539,Hispanic,Cauc,unrelated,0,0,0,0,0,100000,1
D18S51,Hispanic,Cauc,unrelated,0,0,0,0,0,100000,1
D19S433,Hispanic,Cauc,unrelated,0,0,0,0,0,100000,1
D1S1656,Hispanic,Cauc,unrelated,0,0,0,0,0,100000,1
D21S11,Hispanic,Cauc,unrelated,0,0,0,0,0,100000,1
D22S1045,Hispanic,Cauc,unrelated,0,0,0,0,0,100000,1
D2S1338,Hispanic,Cauc,unrelated,0,0,0,0,0,100000,1
D2S441,Hispanic,Cauc,unrelated,0,0,0,0,0,100000,1
D3S1358,Hispanic,Cauc,unrelated,0,0,0,0,0,100000,1
D5S818,Hispanic,Cauc,unrelated,0,0,0,0,0,100000,1
D6S1043,Hispanic,Cauc,unrelated,0,0,0,0,0,100000,1
D7S820,Hispanic,Cauc,unrelated,0,0,0,0,0,100000,1
D8S1179,Hispanic,Cauc,unrelated,0,0,0,0,0,100000,1
F13A01,Hispanic,Cauc,unrelated,0,0,0,0,0,100000,1
F13B,Hispanic,Cauc,unrelated,0,0,0,0,0,100000,1
FESFPS,Hispanic,Cauc,unrelated,0,0,0,0,0,100000,1
FGA,Hispanic,Cauc,unrelated,0,0,0,0,0,100000,1
LPL,Hispanic,Cauc,unrelated,0,0,0,0,0,100000,1
Penta_C,Hispanic,Cauc,unrelated,0,0,0,0,0,100000,1
Penta_D,Hispanic,Cauc,unrelated,0,0,0,0,0,100000,1
Penta_E,Hispanic,Cauc,unrelated,0,0,0,0,0,100000,1
SE33,Hispanic,Cauc,unrelated,0,0,0,0,0,100000,1
TH01,Hispanic,Cauc,unrelated,0,0,0,0,0,100000,1
TPOX,Hispanic,Cauc,unrelated,0,0,0,0,0,100000,1
vWA,Hispanic,Cauc,unrelated,0,0,0,0,0,100000,1
