known_relationship,intercept,slope,slope_se,t_value,p_value,r_squared,trend_direction
parent_child,1,1.6788819437657e-17,1.2554441568885e-17,1.33728125982652,0.27348329626864,0.48815070290142,INCREASING
full_siblings,1,1.6788819437657e-17,1.2554441568885e-17,1.33728125982652,0.27348329626864,0.48815070290142,INCREASING
half_siblings,0.742078048780487,0.00575609756097563,0.000561364305069488,10.2537648172395,0.00197763793091777,0.972258105060295,INCREASING
cousins,0,0,0,,,,DECREASING
second_cousins,0,0,0,,,,DECREASING
unrelated,0,0,0,,,,DECREASING
